Load,Vehicle,Carrier,Net Revenue,Gross revenue,Actual Delivery Date,Carrier Assigned By
265447,403471,CBS LOGISTICS INC,0,540,4/24/2026 00:14,Illia Kovanko
265312,403407,GLOBEKS CORP,100,475,4/24/2026 00:14,Illia Kovanko
265556,403693,GLOBEKS CORP,125,500,4/24/2026 00:17,Illia Kovanko
265133,403074,"DIAMOND LOGISTIC SERVICES, LLC",70,495,4/24/2026 01:41,Tyson Artis
259377,390973,BUMBLE AUTO BROKERS LLC,-37.5,75,4/24/2026 05:27,Rodrigo Herrera
259377,394397,BUMBLE AUTO BROKERS LLC,112.5,225,4/24/2026 05:27,Rodrigo Herrera
265980,404715,READY TRANSPORTATION LLC,50,150,4/24/2026 06:56,Rodrigo Herrera
265980,404716,READY TRANSPORTATION LLC,50,150,4/24/2026 06:56,Rodrigo Herrera
265980,404717,READY TRANSPORTATION LLC,50,150,4/24/2026 06:56,Rodrigo Herrera
263848,400651,GEORGE DEALER INC,-50,450,4/24/2026 07:40,Rodrigo Herrera
249576,372823,MARTINS AUTO SERVICE LLC,-600,500,4/24/2026 08:05,Ryan Glover
259034,390644,MARTINS AUTO SERVICE LLC,110,510,4/24/2026 08:06,Tyson Artis
261842,395913,JONES HAULING,45,520,4/24/2026 08:30,Ryan Glover
265948,404562,BIG MAC TRANSPORTS LLC,50,350,4/24/2026 08:44,Tyson Artis
264212,401240,DEZ ENTERPRISES LLC,-25,375,4/24/2026 08:46,Tyson Artis
265494,403449,PARRA AUTO TRANSPORT CORP,190,415,4/24/2026 08:48,Rodrigo Herrera
265494,403453,PARRA AUTO TRANSPORT CORP,170,395,4/24/2026 08:48,Rodrigo Herrera
261156,395804,LEMBERG TRANS LLC,22,625,4/24/2026 08:49,Liza Kolodii
264609,402031,TAD LOGISTIC LLC,-39.26,675,4/24/2026 08:51,Illia Kovanko
264609,402039,TAD LOGISTIC LLC,-39.29,675,4/24/2026 08:51,Illia Kovanko
264609,402040,TAD LOGISTIC LLC,-39.29,675,4/24/2026 08:51,Illia Kovanko
264609,402046,TAD LOGISTIC LLC,-39.29,675,4/24/2026 08:51,Illia Kovanko
264609,402049,TAD LOGISTIC LLC,-39.29,675,4/24/2026 08:51,Illia Kovanko
264609,402050,TAD LOGISTIC LLC,-39.29,675,4/24/2026 08:51,Illia Kovanko
264609,402051,TAD LOGISTIC LLC,-39.29,675,4/24/2026 08:51,Illia Kovanko
265987,404561,BCB HAULING & TRANSPORTING LLC,100,350,4/24/2026 09:11,Rodrigo Herrera
266250,405255,AMERICAN TRANSPORT LOGISTICS LLC,85,360,4/24/2026 09:16,Illia Kovanko
266250,405256,AMERICAN TRANSPORT LOGISTICS LLC,85,360,4/24/2026 09:16,Illia Kovanko
266250,405275,AMERICAN TRANSPORT LOGISTICS LLC,83,358,4/24/2026 09:16,Illia Kovanko
263073,399228,VA CARRIER INC,-10,690,4/24/2026 09:47,Liza Kolodii
263073,403086,VA CARRIER INC,90,690,4/24/2026 09:47,Liza Kolodii
263073,403088,VA CARRIER INC,90,690,4/24/2026 09:47,Liza Kolodii
264560,398403,2GO HAULER LLC,0,200,4/24/2026 09:55,Rodrigo Herrera
264017,400911,FREEMAN LOGISTICAL SERVICES LLC,30,170,4/24/2026 09:58,Tyson Artis
264017,400912,FREEMAN LOGISTICAL SERVICES LLC,30,170,4/24/2026 09:58,Tyson Artis
264017,400946,FREEMAN LOGISTICAL SERVICES LLC,30,170,4/24/2026 09:58,Tyson Artis
261885,396442,LADA TRANS INC,-95,530,4/24/2026 10:04,Liza Kolodii
261885,396462,LADA TRANS INC,-95,530,4/24/2026 10:04,Liza Kolodii
261885,396737,LADA TRANS INC,305,930,4/24/2026 10:04,Liza Kolodii
261885,396738,LADA TRANS INC,-95,530,4/24/2026 10:04,Liza Kolodii
264321,401593,DELTA EXPRESS INC,25,350,4/24/2026 10:05,Liza Kolodii
264321,401595,DELTA EXPRESS INC,25,350,4/24/2026 10:05,Liza Kolodii
264321,401597,DELTA EXPRESS INC,25,350,4/24/2026 10:05,Liza Kolodii
264321,401598,DELTA EXPRESS INC,25,350,4/24/2026 10:05,Liza Kolodii
262363,395103,BUMBLE AUTO BROKERS LLC,-25,195,4/24/2026 10:06,Rodrigo Herrera
262363,398673,BUMBLE AUTO BROKERS LLC,-25,195,4/24/2026 10:06,Rodrigo Herrera
264569,401931,Z BROTHERS EXPEDITED LLC,14.42,643,4/24/2026 10:10,Illia Kovanko
264569,401932,Z BROTHERS EXPEDITED LLC,14.43,643,4/24/2026 10:10,Illia Kovanko
264569,401933,Z BROTHERS EXPEDITED LLC,14.43,643,4/24/2026 10:10,Illia Kovanko
264569,401935,Z BROTHERS EXPEDITED LLC,14.43,643,4/24/2026 10:10,Illia Kovanko
264569,401936,Z BROTHERS EXPEDITED LLC,14.43,643,4/24/2026 10:10,Illia Kovanko
264569,401938,Z BROTHERS EXPEDITED LLC,14.43,643,4/24/2026 10:10,Illia Kovanko
264569,401940,Z BROTHERS EXPEDITED LLC,14.43,643,4/24/2026 10:10,Illia Kovanko
263975,391097,Y & J AUTO LLC,-50,400,4/24/2026 10:12,Illia Kovanko
266043,404649,UA POINT LLC,0,175,4/24/2026 10:13,Illia Kovanko
263022,399362,VA CARRIER INC,-35,415,4/24/2026 10:13,Illia Kovanko
263022,399363,VA CARRIER INC,-35,415,4/24/2026 10:13,Illia Kovanko
264671,402179,WHITE FLAG TRANSPORT LLC,390,1340,4/24/2026 10:14,Illia Kovanko
266541,404714,2FAST TRANSPORT LLC,50,150,4/24/2026 10:22,Rodrigo Herrera
264520,401937,A&S PRIME AUTO MOVERS LLC,112.5,450,4/24/2026 10:26,Tyson Artis
264520,401999,A&S PRIME AUTO MOVERS LLC,2.5,340,4/24/2026 10:26,Tyson Artis
264226,401486,FREEMAN LOGISTICAL SERVICES LLC,-20,150,4/24/2026 10:30,Tyson Artis
264226,401487,FREEMAN LOGISTICAL SERVICES LLC,-20,150,4/24/2026 10:30,Tyson Artis
264226,401489,FREEMAN LOGISTICAL SERVICES LLC,-20,150,4/24/2026 10:30,Tyson Artis
264527,402029,1611 TRANSPORTATION INC,-135,415,4/24/2026 10:45,Tyson Artis
265606,403752,MAV TRANSPORTATION LLC,20,85,4/24/2026 10:46,Liza Kolodii
265606,403759,MAV TRANSPORTATION LLC,20,85,4/24/2026 10:46,Liza Kolodii
265606,403764,MAV TRANSPORTATION LLC,20,85,4/24/2026 10:46,Liza Kolodii
265606,403765,MAV TRANSPORTATION LLC,20,85,4/24/2026 10:46,Liza Kolodii
265606,403769,MAV TRANSPORTATION LLC,20,85,4/24/2026 10:46,Liza Kolodii
261801,396505,VG AUTO INC,-55,1245,4/24/2026 10:51,Liza Kolodii
265032,402955,A-Z HAULING INC,131.66,515,4/24/2026 10:55,Illia Kovanko
265032,402960,A-Z HAULING INC,51.67,435,4/24/2026 10:55,Illia Kovanko
265032,402961,A-Z HAULING INC,51.67,435,4/24/2026 10:55,Illia Kovanko
264983,402609,KRAKEN LOGISTICS LLC,175,1175,4/24/2026 10:56,Liza Kolodii
265850,404339,OB STAR TRUCKING LLC,225,725,4/24/2026 10:57,Illia Kovanko
249373,373071,ALIEN CORPORATION,-255,1645,4/24/2026 10:57,Illia Kovanko
262739,398995,LT LOGISTIC SERVICES LLC,400,4500,4/24/2026 11:01,Liza Kolodii
265144,403068,VVS GROUP INC,215,790,4/24/2026 11:02,Illia Kovanko
262298,398052,VG AUTO INC,75,1275,4/24/2026 11:09,Illia Kovanko
263999,400805,LG EXPRESS INC,90,190,4/24/2026 11:13,Liza Kolodii
263999,400809,LG EXPRESS INC,90,190,4/24/2026 11:13,Liza Kolodii
263999,400842,LG EXPRESS INC,90,190,4/24/2026 11:13,Liza Kolodii
265613,403949,JRO TRANSPORT LLC,25,150,4/24/2026 11:14,Rodrigo Herrera
265613,403957,JRO TRANSPORT LLC,25,150,4/24/2026 11:14,Rodrigo Herrera
265613,405054,JRO TRANSPORT LLC,25,150,4/24/2026 11:14,Rodrigo Herrera
265450,401194,SOTO TOWING & TRANSPORTS LLC,125,400,4/24/2026 11:22,Tyson Artis
265594,403816,LG EXPRESS INC,45,125,4/24/2026 11:22,Liza Kolodii
265594,403824,LG EXPRESS INC,45,125,4/24/2026 11:22,Liza Kolodii
265594,403826,LG EXPRESS INC,45,125,4/24/2026 11:22,Liza Kolodii
263998,400833,LG EXPRESS INC,45,125,4/24/2026 11:23,Liza Kolodii
263998,400837,LG EXPRESS INC,45,125,4/24/2026 11:23,Liza Kolodii
266408,404821,LG EXPRESS INC,45,125,4/24/2026 11:24,Liza Kolodii
266408,404858,LG EXPRESS INC,45,125,4/24/2026 11:24,Liza Kolodii
266542,405478,READY TRANSPORTATION LLC,50,150,4/24/2026 11:25,Rodrigo Herrera
261672,397110,CRC TRANSPORT LLC,-183.35,400,4/24/2026 11:25,Illia Kovanko
261672,397111,CRC TRANSPORT LLC,-183.33,400,4/24/2026 11:25,Illia Kovanko
261672,397113,CRC TRANSPORT LLC,-183.33,400,4/24/2026 11:25,Illia Kovanko
261672,397114,CRC TRANSPORT LLC,-183.33,400,4/24/2026 11:25,Illia Kovanko
261672,397115,CRC TRANSPORT LLC,-183.33,400,4/24/2026 11:25,Illia Kovanko
261672,397116,CRC TRANSPORT LLC,-183.33,400,4/24/2026 11:25,Illia Kovanko
261607,396424,Z BROTHERS EXPEDITED LLC,-35,265,4/24/2026 11:25,Illia Kovanko
261607,396427,Z BROTHERS EXPEDITED LLC,-35,265,4/24/2026 11:25,Illia Kovanko
261607,397073,Z BROTHERS EXPEDITED LLC,100,400,4/24/2026 11:25,Illia Kovanko
265466,403460,FREEMAN LOGISTICAL SERVICES LLC,30,210,4/24/2026 11:30,Tyson Artis
265466,403461,FREEMAN LOGISTICAL SERVICES LLC,30,210,4/24/2026 11:30,Tyson Artis
265466,403465,FREEMAN LOGISTICAL SERVICES LLC,30,210,4/24/2026 11:30,Tyson Artis
265466,403467,FREEMAN LOGISTICAL SERVICES LLC,30,210,4/24/2026 11:30,Tyson Artis
265567,403792,BLACK PROOF INC,15,85,4/24/2026 11:30,Liza Kolodii
265567,403794,BLACK PROOF INC,15,85,4/24/2026 11:30,Liza Kolodii
265567,403829,BLACK PROOF INC,15,85,4/24/2026 11:30,Liza Kolodii
265567,404040,BLACK PROOF INC,15,85,4/24/2026 11:30,Liza Kolodii
265567,405368,BLACK PROOF INC,15,85,4/24/2026 11:30,Liza Kolodii
265567,405401,BLACK PROOF INC,15,85,4/24/2026 11:30,Liza Kolodii
265567,406025,BLACK PROOF INC,15,85,4/24/2026 11:30,Liza Kolodii
265994,403209,AN CAR TRANSPORT LLC,25,195,4/24/2026 11:42,Tyson Artis
265354,403457,AMD AUTO TRANSPORT LLC,85,250,4/24/2026 11:50,Rodrigo Herrera
265354,403459,AMD AUTO TRANSPORT LLC,135,300,4/24/2026 11:50,Rodrigo Herrera
265354,403464,AMD AUTO TRANSPORT LLC,85,250,4/24/2026 11:50,Rodrigo Herrera
263316,398526,L GUZMAN TRANSPORTATION LLC,100,450,4/24/2026 11:55,Tyson Artis
262417,398159,ALGA FREIGHT COMPANY,-150,650,4/24/2026 11:55,Illia Kovanko
264526,401908,CRC TRANSPORT LLC,-62.35,771,4/24/2026 11:55,Illia Kovanko
264526,401909,CRC TRANSPORT LLC,-62.33,771,4/24/2026 11:55,Illia Kovanko
264526,401910,CRC TRANSPORT LLC,-62.33,771,4/24/2026 11:55,Illia Kovanko
264526,401912,CRC TRANSPORT LLC,-62.33,771,4/24/2026 11:55,Illia Kovanko
264526,401913,CRC TRANSPORT LLC,-62.33,771,4/24/2026 11:55,Illia Kovanko
264526,401915,CRC TRANSPORT LLC,-62.33,771,4/24/2026 11:55,Illia Kovanko
261303,395707,KHAN TRANS INC,-410,1090,4/24/2026 11:57,Tyson Artis
263417,398527,L GUZMAN TRANSPORTATION LLC,150,450,4/24/2026 11:58,Tyson Artis
263243,399843,HYPER EXPRESS LOGISTICS LLC,-80,270,4/24/2026 12:05,Tyson Artis
265209,403093,BY GRACE TOWING LLC,-25,250,4/24/2026 12:12,Tyson Artis
260550,394584,D & L AUTO TRANS LLC,82.16,225,4/24/2026 12:19,Rodrigo Herrera
260550,394585,D & L AUTO TRANS LLC,82.14,225,4/24/2026 12:19,Rodrigo Herrera
260550,394586,D & L AUTO TRANS LLC,82.14,225,4/24/2026 12:19,Rodrigo Herrera
260550,394587,D & L AUTO TRANS LLC,82.14,225,4/24/2026 12:19,Rodrigo Herrera
260550,394588,D & L AUTO TRANS LLC,82.14,225,4/24/2026 12:19,Rodrigo Herrera
260550,394589,D & L AUTO TRANS LLC,82.14,225,4/24/2026 12:19,Rodrigo Herrera
260550,394590,D & L AUTO TRANS LLC,82.14,225,4/24/2026 12:19,Rodrigo Herrera
265581,403813,DAJANI AUTO HAULERS INC,25,95,4/24/2026 12:24,Liza Kolodii
265581,403817,DAJANI AUTO HAULERS INC,25,95,4/24/2026 12:24,Liza Kolodii
265581,404050,DAJANI AUTO HAULERS INC,25,95,4/24/2026 12:24,Liza Kolodii
265581,404067,DAJANI AUTO HAULERS INC,25,95,4/24/2026 12:24,Liza Kolodii
265232,403140,DAJANI AUTO HAULERS INC,25,95,4/24/2026 12:25,Liza Kolodii
265232,403153,DAJANI AUTO HAULERS INC,25,95,4/24/2026 12:25,Liza Kolodii
265232,403160,DAJANI AUTO HAULERS INC,25,95,4/24/2026 12:25,Liza Kolodii
265232,403167,DAJANI AUTO HAULERS INC,25,95,4/24/2026 12:25,Liza Kolodii
261584,396318,GQ LINE LLC,-350,1550,4/24/2026 12:28,Illia Kovanko
264207,395815,SOTO TOWING & TRANSPORTS LLC,70,350,4/24/2026 12:39,Tyson Artis
265773,403897,SMTE LLC,40,120,4/24/2026 12:46,Tyson Artis
265773,403913,SMTE LLC,40,120,4/24/2026 12:46,Tyson Artis
265773,403920,SMTE LLC,40,120,4/24/2026 12:46,Tyson Artis
265754,404235,PRONTO TRUCKING LOGISTICS LLC,-35,240,4/24/2026 12:47,Rodrigo Herrera
265754,404274,PRONTO TRUCKING LOGISTICS LLC,75,350,4/24/2026 12:47,Rodrigo Herrera
263279,399820,INEVITABLE TRANSPORTATION LLC,-17.5,170,4/24/2026 12:53,Rodrigo Herrera
263279,400157,INEVITABLE TRANSPORTATION LLC,-17.5,170,4/24/2026 12:53,Rodrigo Herrera
263279,400933,INEVITABLE TRANSPORTATION LLC,-17.5,170,4/24/2026 12:53,Rodrigo Herrera
263279,401241,INEVITABLE TRANSPORTATION LLC,-17.5,170,4/24/2026 12:53,Rodrigo Herrera
263279,401424,INEVITABLE TRANSPORTATION LLC,-17.5,170,4/24/2026 12:53,Rodrigo Herrera
263279,401425,INEVITABLE TRANSPORTATION LLC,-17.5,170,4/24/2026 12:53,Rodrigo Herrera
263279,401430,INEVITABLE TRANSPORTATION LLC,-17.5,170,4/24/2026 12:53,Rodrigo Herrera
263279,404023,INEVITABLE TRANSPORTATION LLC,-17.5,170,4/24/2026 12:53,Rodrigo Herrera
259185,382637,RT SUPREME TRANSPORTATION LLC,-70,115,4/24/2026 12:53,Ryan Glover
265565,403644,CLEVELAND AUTO TRANSPORT LLC,-45,295,4/24/2026 12:55,Illia Kovanko
262908,397311,BUMBLE AUTO BROKERS LLC,-15,115,4/24/2026 12:57,Rodrigo Herrera
262908,398972,BUMBLE AUTO BROKERS LLC,-15,115,4/24/2026 12:57,Rodrigo Herrera
262908,398991,BUMBLE AUTO BROKERS LLC,-15,115,4/24/2026 12:57,Rodrigo Herrera
262908,400148,BUMBLE AUTO BROKERS LLC,-15,115,4/24/2026 12:57,Rodrigo Herrera
265220,403192,ROBERT F F MCCAFFREY JR,2.22,80,4/24/2026 12:57,Rodrigo Herrera
265220,403193,ROBERT F F MCCAFFREY JR,2.22,80,4/24/2026 12:57,Rodrigo Herrera
265220,403194,ROBERT F F MCCAFFREY JR,2.22,80,4/24/2026 12:57,Rodrigo Herrera
265220,403195,ROBERT F F MCCAFFREY JR,2.22,80,4/24/2026 12:57,Rodrigo Herrera
265220,403196,ROBERT F F MCCAFFREY JR,2.22,80,4/24/2026 12:57,Rodrigo Herrera
265220,403198,ROBERT F F MCCAFFREY JR,2.22,80,4/24/2026 12:57,Rodrigo Herrera
265220,405327,ROBERT F F MCCAFFREY JR,2.22,80,4/24/2026 12:57,Rodrigo Herrera
265220,405332,ROBERT F F MCCAFFREY JR,2.23,80,4/24/2026 12:57,Rodrigo Herrera
265220,405334,ROBERT F F MCCAFFREY JR,2.23,80,4/24/2026 12:57,Rodrigo Herrera
258510,389042,RT SUPREME TRANSPORTATION LLC,-70,115,4/24/2026 13:00,Ryan Glover
261483,396261,BRUKSTORE USA,-280,270,4/24/2026 13:03,Liza Kolodii
263411,369108,RT SUPREME TRANSPORTATION LLC,-50,100,4/24/2026 13:05,Ryan Glover
263778,400648,TB2 EXPRESS CORP,100,850,4/24/2026 13:06,Liza Kolodii
263778,402216,TB2 EXPRESS CORP,150,850,4/24/2026 13:06,Liza Kolodii
264132,400381,RT SUPREME TRANSPORTATION LLC,-50,135,4/24/2026 13:06,Ryan Glover
265981,404722,BRP LOGISTICS INC,290,890,4/24/2026 13:16,Liza Kolodii
265148,403108,TB2 EXPRESS CORP,25,625,4/24/2026 13:17,Liza Kolodii
265854,378619,LYNX AUTO TRANSPORT LLC,85,310,4/24/2026 13:26,Illia Kovanko
266006,400068,LYNX AUTO TRANSPORT LLC,85,310,4/24/2026 13:28,Illia Kovanko
265443,401173,LYNX AUTO TRANSPORT LLC,35,300,4/24/2026 13:29,Illia Kovanko
266748,405871,TOWMASTERS SERVICES K&E LLC,15,75,4/24/2026 13:30,Rodrigo Herrera
265451,403627,LADA TRANS INC,15,465,4/24/2026 13:33,Liza Kolodii
265451,403628,LADA TRANS INC,15,465,4/24/2026 13:33,Liza Kolodii
265451,403631,LADA TRANS INC,15,465,4/24/2026 13:33,Liza Kolodii
265687,404069,MAV TRANSPORTATION LLC,20,85,4/24/2026 13:34,Liza Kolodii
265687,404070,MAV TRANSPORTATION LLC,20,85,4/24/2026 13:34,Liza Kolodii
265687,404071,MAV TRANSPORTATION LLC,20,85,4/24/2026 13:34,Liza Kolodii
265687,404073,MAV TRANSPORTATION LLC,20,85,4/24/2026 13:34,Liza Kolodii
265687,404104,MAV TRANSPORTATION LLC,20,85,4/24/2026 13:34,Liza Kolodii
265997,403327,AN CAR TRANSPORT LLC,85,195,4/24/2026 13:41,Tyson Artis
266044,404808,GQ LINE LLC,105,505,4/24/2026 13:48,Illia Kovanko
266419,405547,SG3 SERVICE INC,15,75,4/24/2026 13:55,Rodrigo Herrera
266419,405586,SG3 SERVICE INC,15,75,4/24/2026 13:55,Rodrigo Herrera
266419,405637,SG3 SERVICE INC,15,75,4/24/2026 13:55,Rodrigo Herrera
264719,401826,BLACK PROOF INC,10,70,4/24/2026 13:56,Liza Kolodii
264719,401831,BLACK PROOF INC,10,70,4/24/2026 13:56,Liza Kolodii
264719,401838,BLACK PROOF INC,10,70,4/24/2026 13:56,Liza Kolodii
264719,401843,BLACK PROOF INC,10,70,4/24/2026 13:56,Liza Kolodii
264719,402519,BLACK PROOF INC,10,70,4/24/2026 13:56,Liza Kolodii
264719,402530,BLACK PROOF INC,10,70,4/24/2026 13:56,Liza Kolodii
264719,402549,BLACK PROOF INC,10,70,4/24/2026 13:56,Liza Kolodii
264678,402322,LADA TRANS INC,270,1020,4/24/2026 13:56,Liza Kolodii
266014,404673,ERIC RUMBLE TRANSPORT LLC,13.88,125,4/24/2026 14:17,Liza Kolodii
266014,404675,ERIC RUMBLE TRANSPORT LLC,13.89,125,4/24/2026 14:17,Liza Kolodii
266014,404678,ERIC RUMBLE TRANSPORT LLC,13.89,125,4/24/2026 14:17,Liza Kolodii
266014,404679,ERIC RUMBLE TRANSPORT LLC,13.89,125,4/24/2026 14:17,Liza Kolodii
266014,404684,ERIC RUMBLE TRANSPORT LLC,13.89,125,4/24/2026 14:17,Liza Kolodii
266014,404689,ERIC RUMBLE TRANSPORT LLC,13.89,125,4/24/2026 14:17,Liza Kolodii
266014,404690,ERIC RUMBLE TRANSPORT LLC,13.89,125,4/24/2026 14:17,Liza Kolodii
266014,404692,ERIC RUMBLE TRANSPORT LLC,13.89,125,4/24/2026 14:17,Liza Kolodii
266014,404694,ERIC RUMBLE TRANSPORT LLC,13.89,125,4/24/2026 14:17,Liza Kolodii
261318,396197,AMERICAN LOGISTICS PRIME LINE INC,0,0,4/24/2026 14:19,Liza Kolodii
263583,400366,KIEVSTAR CARGO LLC,-145,280,4/24/2026 14:21,Illia Kovanko
264644,402295,BFS TRUCKING INC,170,1170,4/24/2026 14:28,Illia Kovanko
265739,403748,J MACK'S TRUCKING LLC,15,85,4/24/2026 14:30,Liza Kolodii
265739,403749,J MACK'S TRUCKING LLC,15,85,4/24/2026 14:30,Liza Kolodii
265739,404034,J MACK'S TRUCKING LLC,15,85,4/24/2026 14:30,Liza Kolodii
265739,404035,J MACK'S TRUCKING LLC,15,85,4/24/2026 14:30,Liza Kolodii
265739,404084,J MACK'S TRUCKING LLC,15,85,4/24/2026 14:30,Liza Kolodii
261329,395539,CTA GOMEZ TRUCKING LLC,-475,1275,4/24/2026 14:30,Illia Kovanko
265820,404329,LOGISTIC SERVICES VIA VIC INC,200,600,4/24/2026 14:34,Illia Kovanko
265914,404012,AMBROS MONTES SERVICES LLC,25,80,4/24/2026 14:34,Rodrigo Herrera
265574,403775,GUERRERO 1 LOGISTICS INC,25,80,4/24/2026 14:35,Liza Kolodii
265574,403790,GUERRERO 1 LOGISTICS INC,25,80,4/24/2026 14:35,Liza Kolodii
265574,403798,GUERRERO 1 LOGISTICS INC,25,80,4/24/2026 14:35,Liza Kolodii
265151,403100,GQ LINE LLC,310,960,4/24/2026 14:39,Illia Kovanko
266416,405561,SG3 SERVICE INC,15,75,4/24/2026 14:43,Rodrigo Herrera
266416,405583,SG3 SERVICE INC,15,75,4/24/2026 14:43,Rodrigo Herrera
266416,405638,SG3 SERVICE INC,15,75,4/24/2026 14:43,Rodrigo Herrera
266103,404682,PERFORMANCE TRANSPORT LLC,25,125,4/24/2026 14:45,Rodrigo Herrera
266103,404693,PERFORMANCE TRANSPORT LLC,25,125,4/24/2026 14:45,Rodrigo Herrera
266103,404696,PERFORMANCE TRANSPORT LLC,25,125,4/24/2026 14:45,Rodrigo Herrera
266103,404697,PERFORMANCE TRANSPORT LLC,25,125,4/24/2026 14:45,Rodrigo Herrera
266103,404701,PERFORMANCE TRANSPORT LLC,25,125,4/24/2026 14:45,Rodrigo Herrera
266103,404702,PERFORMANCE TRANSPORT LLC,25,125,4/24/2026 14:45,Rodrigo Herrera
264513,401898,ELEMENT TRANSPORTATION INC,50,300,4/24/2026 14:49,Illia Kovanko
263578,400357,AOT CARRIERS LLC,70,970,4/24/2026 14:50,Illia Kovanko
263638,400436,EVERETT AUTO LLC,85,425,4/24/2026 14:50,Liza Kolodii
264635,395491,2FAST TRANSPORT LLC,45,200,4/24/2026 15:08,Rodrigo Herrera
264634,395490,2FAST TRANSPORT LLC,45,200,4/24/2026 15:10,Rodrigo Herrera
266613,405829,TOWMASTERS SERVICES K&E LLC,10,75,4/24/2026 15:11,Rodrigo Herrera
264699,402185,IC ONE TRANSPORT INC,190,890,4/24/2026 15:14,Illia Kovanko
266350,405482,MP TEAM INC,225,650,4/24/2026 15:14,Liza Kolodii
266782,405367,GUERRERO 1 LOGISTICS INC,25,80,4/24/2026 15:20,Liza Kolodii
265437,401375,10 TOWS DOWN TOWING LLC,25,125,4/24/2026 15:37,Tyson Artis
266791,406063,DAJANI AUTO HAULERS INC,25,95,4/24/2026 15:37,Liza Kolodii
266791,406065,DAJANI AUTO HAULERS INC,25,95,4/24/2026 15:37,Liza Kolodii
266791,406067,DAJANI AUTO HAULERS INC,25,95,4/24/2026 15:37,Liza Kolodii
266791,406080,DAJANI AUTO HAULERS INC,25,95,4/24/2026 15:37,Liza Kolodii
266069,405370,DAJANI AUTO HAULERS INC,25,95,4/24/2026 15:38,Liza Kolodii
266069,405380,DAJANI AUTO HAULERS INC,25,95,4/24/2026 15:38,Liza Kolodii
266069,405387,DAJANI AUTO HAULERS INC,25,95,4/24/2026 15:38,Liza Kolodii
266069,406082,DAJANI AUTO HAULERS INC,25,95,4/24/2026 15:38,Liza Kolodii
264404,399730,CHATTANOOGA TRANSPORT LLC,200,700,4/24/2026 15:40,Liza Kolodii
264237,400972,LG EXPRESS INC,15,85,4/24/2026 15:41,Liza Kolodii
264237,400978,LG EXPRESS INC,15,85,4/24/2026 15:41,Liza Kolodii
264237,401000,LG EXPRESS INC,15,85,4/24/2026 15:41,Liza Kolodii
264237,401003,LG EXPRESS INC,15,85,4/24/2026 15:41,Liza Kolodii
264237,402536,LG EXPRESS INC,15,85,4/24/2026 15:41,Liza Kolodii
266356,405067,JRO TRANSPORT LLC,25,150,4/24/2026 15:41,Rodrigo Herrera
266356,405430,JRO TRANSPORT LLC,25,150,4/24/2026 15:41,Rodrigo Herrera
266356,405431,JRO TRANSPORT LLC,25,150,4/24/2026 15:41,Rodrigo Herrera
265435,401372,10 TOWS DOWN TOWING LLC,25,125,4/24/2026 15:41,Tyson Artis
266309,405257,GEORGE FARMER TRUCKING LLC,5,75,4/24/2026 15:41,Tyson Artis
266309,405258,GEORGE FARMER TRUCKING LLC,5,75,4/24/2026 15:41,Tyson Artis
266309,405259,GEORGE FARMER TRUCKING LLC,5,75,4/24/2026 15:41,Tyson Artis
266309,405260,GEORGE FARMER TRUCKING LLC,5,75,4/24/2026 15:41,Tyson Artis
266309,405263,GEORGE FARMER TRUCKING LLC,5,75,4/24/2026 15:41,Tyson Artis
266309,405264,GEORGE FARMER TRUCKING LLC,5,75,4/24/2026 15:41,Tyson Artis
266309,405265,GEORGE FARMER TRUCKING LLC,5,75,4/24/2026 15:41,Tyson Artis
266309,405266,GEORGE FARMER TRUCKING LLC,5,75,4/24/2026 15:41,Tyson Artis
264235,400970,LG EXPRESS INC,15,85,4/24/2026 15:41,Liza Kolodii
265488,403640,LENTA LOGISTICS LLC,-285,465,4/24/2026 15:47,Liza Kolodii
266145,406001,LG EXPRESS INC,50,120,4/24/2026 15:52,Liza Kolodii
266145,406006,LG EXPRESS INC,50,120,4/24/2026 15:52,Liza Kolodii
265521,401335,ALIEN CORPORATION,50,300,4/24/2026 15:56,Illia Kovanko
265521,401337,ALIEN CORPORATION,50,300,4/24/2026 15:56,Illia Kovanko
265521,401338,ALIEN CORPORATION,50,300,4/24/2026 15:56,Illia Kovanko
265041,402957,MILIVA INC,60,860,4/24/2026 15:59,Illia Kovanko
264575,401792,WHITE FLAG TRANSPORT LLC,110,960,4/24/2026 16:04,Illia Kovanko
261828,397144,Z BROTHERS EXPEDITED LLC,-180,520,4/24/2026 16:06,Illia Kovanko
261828,397145,Z BROTHERS EXPEDITED LLC,-180,520,4/24/2026 16:06,Illia Kovanko
261828,397151,Z BROTHERS EXPEDITED LLC,-180,520,4/24/2026 16:06,Illia Kovanko
261828,397152,Z BROTHERS EXPEDITED LLC,-180,520,4/24/2026 16:06,Illia Kovanko
261828,397160,Z BROTHERS EXPEDITED LLC,-180,520,4/24/2026 16:06,Illia Kovanko
261828,404025,Z BROTHERS EXPEDITED LLC,-170,530,4/24/2026 16:06,Illia Kovanko
266004,400557,MC TRANSPORTATION LLC,35,335,4/24/2026 16:13,Illia Kovanko
266421,405563,SG3 SERVICE INC,15,75,4/24/2026 16:29,Rodrigo Herrera
266421,405588,SG3 SERVICE INC,15,75,4/24/2026 16:29,Rodrigo Herrera
266421,405636,SG3 SERVICE INC,15,75,4/24/2026 16:29,Rodrigo Herrera
265421,403598,VG AUTO INC,100,700,4/24/2026 16:31,Illia Kovanko
265421,403602,VG AUTO INC,100,700,4/24/2026 16:31,Illia Kovanko
265421,403604,VG AUTO INC,100,700,4/24/2026 16:31,Illia Kovanko
265421,403619,VG AUTO INC,100,700,4/24/2026 16:31,Illia Kovanko
266614,405891,APRIL & RUDY'S TRANSPORT LLC,165,300,4/24/2026 16:33,Rodrigo Herrera
266614,405892,APRIL & RUDY'S TRANSPORT LLC,165,300,4/24/2026 16:33,Rodrigo Herrera
263971,399996,RT SUPREME TRANSPORTATION LLC,-65,85,4/24/2026 16:46,Ryan Glover
265583,403773,GUERRERO 1 LOGISTICS INC,15,70,4/24/2026 16:53,Liza Kolodii
265583,403809,GUERRERO 1 LOGISTICS INC,135,225,4/24/2026 16:53,Liza Kolodii
265580,403755,GUERRERO 1 LOGISTICS INC,15,70,4/24/2026 16:54,Liza Kolodii
265580,403802,GUERRERO 1 LOGISTICS INC,15,70,4/24/2026 16:54,Liza Kolodii
265580,403805,GUERRERO 1 LOGISTICS INC,15,70,4/24/2026 16:54,Liza Kolodii
264662,402256,GNP LOGISTICS LLC,5,130,4/24/2026 16:59,Rodrigo Herrera
264662,402259,GNP LOGISTICS LLC,5,130,4/24/2026 16:59,Rodrigo Herrera
264662,402260,GNP LOGISTICS LLC,5,130,4/24/2026 16:59,Rodrigo Herrera
264662,402262,GNP LOGISTICS LLC,5,130,4/24/2026 16:59,Rodrigo Herrera
264662,402266,GNP LOGISTICS LLC,5,130,4/24/2026 16:59,Rodrigo Herrera
264662,402482,GNP LOGISTICS LLC,5,130,4/24/2026 16:59,Rodrigo Herrera
264473,401808,FAIR WHOLESALE LLC,15,235,4/24/2026 17:01,Ryan Glover
263776,400639,FAIR WHOLESALE LLC,-65,185,4/24/2026 17:01,Ryan Glover
265694,403998,E&M TRANSPORT GA LLC,40,190,4/24/2026 17:03,Tyson Artis
265694,404003,E&M TRANSPORT GA LLC,40,190,4/24/2026 17:03,Tyson Artis
265211,389706,OB STAR TRUCKING LLC,-170,330,4/24/2026 17:06,Illia Kovanko
264773,399634,LG EXPRESS INC,200,350,4/24/2026 17:14,Liza Kolodii
264773,402532,LG EXPRESS INC,90,190,4/24/2026 17:14,Liza Kolodii
264773,402559,LG EXPRESS INC,90,190,4/24/2026 17:14,Liza Kolodii
265834,404153,CAROLINA LOGISTICS INC.,28.57,671.43,4/24/2026 17:17,Illia Kovanko
265834,404154,CAROLINA LOGISTICS INC.,28.57,671.43,4/24/2026 17:17,Illia Kovanko
265834,404155,CAROLINA LOGISTICS INC.,28.57,671.43,4/24/2026 17:17,Illia Kovanko
265834,404156,CAROLINA LOGISTICS INC.,28.57,671.43,4/24/2026 17:17,Illia Kovanko
265834,404157,CAROLINA LOGISTICS INC.,28.57,671.43,4/24/2026 17:17,Illia Kovanko
265834,404158,CAROLINA LOGISTICS INC.,28.58,671.43,4/24/2026 17:17,Illia Kovanko
265834,404159,CAROLINA LOGISTICS INC.,28.57,671.42,4/24/2026 17:17,Illia Kovanko
264982,402362,IC ONE TRANSPORT INC,-140,410,4/24/2026 17:17,Illia Kovanko
266556,405572,OSCAR ANTONIO ABRIGO,15,75,4/24/2026 17:21,Rodrigo Herrera
266556,405620,OSCAR ANTONIO ABRIGO,15,75,4/24/2026 17:21,Rodrigo Herrera
266560,405574,OSCAR ANTONIO ABRIGO,15,75,4/24/2026 17:22,Rodrigo Herrera
266560,405617,OSCAR ANTONIO ABRIGO,15,75,4/24/2026 17:22,Rodrigo Herrera
265261,394464,MAV TRANSPORTATION LLC,20,85,4/24/2026 17:23,Liza Kolodii
265261,403154,MAV TRANSPORTATION LLC,20,85,4/24/2026 17:23,Liza Kolodii
265261,403162,MAV TRANSPORTATION LLC,20,85,4/24/2026 17:23,Liza Kolodii
265261,403767,MAV TRANSPORTATION LLC,20,85,4/24/2026 17:23,Liza Kolodii
265261,403803,MAV TRANSPORTATION LLC,20,85,4/24/2026 17:23,Liza Kolodii
265261,403815,MAV TRANSPORTATION LLC,20,85,4/24/2026 17:23,Liza Kolodii
265261,404052,MAV TRANSPORTATION LLC,20,85,4/24/2026 17:23,Liza Kolodii
266551,405567,OSCAR ANTONIO ABRIGO,15,75,4/24/2026 17:24,Rodrigo Herrera
266551,405627,OSCAR ANTONIO ABRIGO,15,75,4/24/2026 17:24,Rodrigo Herrera
266554,405570,OSCAR ANTONIO ABRIGO,15,75,4/24/2026 17:25,Rodrigo Herrera
266554,405621,OSCAR ANTONIO ABRIGO,15,75,4/24/2026 17:25,Rodrigo Herrera
266558,405573,OSCAR ANTONIO ABRIGO,15,75,4/24/2026 17:26,Rodrigo Herrera
266558,405619,OSCAR ANTONIO ABRIGO,15,75,4/24/2026 17:26,Rodrigo Herrera
263482,400050,FREEMAN LOGISTICAL SERVICES LLC,47,247,4/24/2026 17:51,Tyson Artis
263482,400494,FREEMAN LOGISTICAL SERVICES LLC,100,300,4/24/2026 17:51,Tyson Artis
263482,400555,FREEMAN LOGISTICAL SERVICES LLC,47,247,4/24/2026 17:51,Tyson Artis
266422,405545,SG3 SERVICE INC,15,75,4/24/2026 17:53,Rodrigo Herrera
266422,405589,SG3 SERVICE INC,15,75,4/24/2026 17:53,Rodrigo Herrera
266422,405635,SG3 SERVICE INC,15,75,4/24/2026 17:53,Rodrigo Herrera
265309,401644,SMTE LLC,20,100,4/24/2026 18:02,Tyson Artis
265309,402730,SMTE LLC,20,100,4/24/2026 18:02,Tyson Artis
265309,402735,SMTE LLC,20,100,4/24/2026 18:02,Tyson Artis
265309,403284,SMTE LLC,20,100,4/24/2026 18:02,Tyson Artis
264192,401462,FREEMAN LOGISTICAL SERVICES LLC,20,425,4/24/2026 18:11,Tyson Artis
264884,402395,GLOBEKS CORP,-80,620,4/24/2026 18:16,Illia Kovanko
264884,402400,GLOBEKS CORP,-10,690,4/24/2026 18:16,Illia Kovanko
265928,404544,BRANDIWINE TRUCKING LLC,50,550,4/24/2026 18:17,Ryan Glover
265907,404526,ELEMENT TRANSPORTATION INC,250,575,4/24/2026 18:30,Illia Kovanko
264861,402327,VVS GROUP INC,-140,690,4/24/2026 18:37,Illia Kovanko
265740,404223,PRONTO TRUCKING LOGISTICS LLC,75,275,4/24/2026 18:42,Rodrigo Herrera
265740,404224,PRONTO TRUCKING LOGISTICS LLC,75,275,4/24/2026 18:42,Rodrigo Herrera
260946,395365,V&S GROUP LLC,-150,375,4/24/2026 18:46,Illia Kovanko
260994,395593,DTM AUTO GROUP LLC,-799,1,4/24/2026 18:47,Illia Kovanko
260994,399825,DTM AUTO GROUP LLC,1,1,4/24/2026 18:47,Illia Kovanko
266167,405115,LANE TO LANE TRANSPORTATION LLC,22.24,100,4/24/2026 18:48,Tyson Artis
266167,405116,LANE TO LANE TRANSPORTATION LLC,22.22,100,4/24/2026 18:48,Tyson Artis
266167,405117,LANE TO LANE TRANSPORTATION LLC,22.22,100,4/24/2026 18:48,Tyson Artis
266167,405118,LANE TO LANE TRANSPORTATION LLC,22.22,100,4/24/2026 18:48,Tyson Artis
266167,405119,LANE TO LANE TRANSPORTATION LLC,22.22,100,4/24/2026 18:48,Tyson Artis
266167,405120,LANE TO LANE TRANSPORTATION LLC,22.22,100,4/24/2026 18:48,Tyson Artis
266167,405121,LANE TO LANE TRANSPORTATION LLC,22.22,100,4/24/2026 18:48,Tyson Artis
266167,405122,LANE TO LANE TRANSPORTATION LLC,22.22,100,4/24/2026 18:48,Tyson Artis
266167,405123,LANE TO LANE TRANSPORTATION LLC,22.22,100,4/24/2026 18:48,Tyson Artis
266180,405126,LANE TO LANE TRANSPORTATION LLC,22.66,100,4/24/2026 18:49,Tyson Artis
266180,405130,LANE TO LANE TRANSPORTATION LLC,22.67,100,4/24/2026 18:49,Tyson Artis
266180,405138,LANE TO LANE TRANSPORTATION LLC,22.67,100,4/24/2026 18:49,Tyson Artis
261209,396024,LG EXPRESS INC,-15,185,4/24/2026 19:08,Liza Kolodii
266773,406137,MNW AUTO HAULING-TRANSPORT LLC,25,225,4/24/2026 19:08,Liza Kolodii
266404,405553,G&J ADMINISTRATION LLC,20,75,4/24/2026 19:30,Rodrigo Herrera
266404,405579,G&J ADMINISTRATION LLC,20,75,4/24/2026 19:30,Rodrigo Herrera
266404,405640,G&J ADMINISTRATION LLC,20,75,4/24/2026 19:30,Rodrigo Herrera
266423,405564,G&J ADMINISTRATION LLC,20,75,4/24/2026 19:30,Rodrigo Herrera
266423,405591,G&J ADMINISTRATION LLC,20,75,4/24/2026 19:30,Rodrigo Herrera
266423,405631,G&J ADMINISTRATION LLC,20,75,4/24/2026 19:30,Rodrigo Herrera
266435,405559,TWO STREET TRUCKING LLC,15,100,4/24/2026 19:33,Rodrigo Herrera
266435,405612,TWO STREET TRUCKING LLC,15,100,4/24/2026 19:33,Rodrigo Herrera
266435,405616,TWO STREET TRUCKING LLC,15,100,4/24/2026 19:33,Rodrigo Herrera
266435,405618,TWO STREET TRUCKING LLC,15,100,4/24/2026 19:33,Rodrigo Herrera
266435,405624,TWO STREET TRUCKING LLC,15,100,4/24/2026 19:33,Rodrigo Herrera
266435,405642,TWO STREET TRUCKING LLC,15,100,4/24/2026 19:33,Rodrigo Herrera
266402,405551,G&J ADMINISTRATION LLC,20,75,4/24/2026 19:33,Rodrigo Herrera
266402,405578,G&J ADMINISTRATION LLC,20,75,4/24/2026 19:33,Rodrigo Herrera
266402,405643,G&J ADMINISTRATION LLC,20,75,4/24/2026 19:33,Rodrigo Herrera
266426,405565,G&J ADMINISTRATION LLC,20,75,4/24/2026 19:33,Rodrigo Herrera
266426,405628,G&J ADMINISTRATION LLC,20,75,4/24/2026 19:33,Rodrigo Herrera
266401,405552,G&J ADMINISTRATION LLC,20,75,4/24/2026 19:37,Rodrigo Herrera
266401,405577,G&J ADMINISTRATION LLC,20,75,4/24/2026 19:37,Rodrigo Herrera
266401,405644,G&J ADMINISTRATION LLC,20,75,4/24/2026 19:37,Rodrigo Herrera
265264,403381,ALIEN CORPORATION,250,750,4/24/2026 19:39,Illia Kovanko
265264,403382,ALIEN CORPORATION,150,650,4/24/2026 19:39,Illia Kovanko
265704,404122,CRC TRANSPORT LLC,250,1100,4/24/2026 19:51,Illia Kovanko
265704,404123,CRC TRANSPORT LLC,250,1100,4/24/2026 19:51,Illia Kovanko
265704,404126,CRC TRANSPORT LLC,250,1100,4/24/2026 19:51,Illia Kovanko
265704,404127,CRC TRANSPORT LLC,250,1100,4/24/2026 19:51,Illia Kovanko
265226,393826,PERFORMANCE TRANSPORT LLC,-15,85,4/24/2026 19:52,Rodrigo Herrera
265226,393831,PERFORMANCE TRANSPORT LLC,-15,85,4/24/2026 19:52,Rodrigo Herrera
265226,396015,PERFORMANCE TRANSPORT LLC,-15,85,4/24/2026 19:52,Rodrigo Herrera
265226,396017,PERFORMANCE TRANSPORT LLC,-15,85,4/24/2026 19:52,Rodrigo Herrera
265226,404285,PERFORMANCE TRANSPORT LLC,-15,85,4/24/2026 19:52,Rodrigo Herrera
265226,404287,PERFORMANCE TRANSPORT LLC,-15,85,4/24/2026 19:52,Rodrigo Herrera
265226,404292,PERFORMANCE TRANSPORT LLC,-15,85,4/24/2026 19:52,Rodrigo Herrera
265226,404294,PERFORMANCE TRANSPORT LLC,-15,85,4/24/2026 19:52,Rodrigo Herrera
265226,404297,PERFORMANCE TRANSPORT LLC,-15,85,4/24/2026 19:52,Rodrigo Herrera
266334,405461,Z BROTHERS EXPEDITED LLC,18.58,190,4/24/2026 20:06,Liza Kolodii
266334,405464,Z BROTHERS EXPEDITED LLC,18.57,190,4/24/2026 20:06,Liza Kolodii
266334,405465,Z BROTHERS EXPEDITED LLC,18.57,190,4/24/2026 20:06,Liza Kolodii
266334,405466,Z BROTHERS EXPEDITED LLC,18.57,190,4/24/2026 20:06,Liza Kolodii
266334,405467,Z BROTHERS EXPEDITED LLC,18.57,190,4/24/2026 20:06,Liza Kolodii
266334,405468,Z BROTHERS EXPEDITED LLC,18.57,190,4/24/2026 20:06,Liza Kolodii
266334,405471,Z BROTHERS EXPEDITED LLC,18.57,190,4/24/2026 20:06,Liza Kolodii
266502,405521,CTX AUTO TRANSPORT LLC,15,100,4/24/2026 20:39,Rodrigo Herrera
266502,405522,CTX AUTO TRANSPORT LLC,15,100,4/24/2026 20:39,Rodrigo Herrera
266502,405526,CTX AUTO TRANSPORT LLC,15,100,4/24/2026 20:39,Rodrigo Herrera
266502,405549,CTX AUTO TRANSPORT LLC,15,100,4/24/2026 20:39,Rodrigo Herrera
266502,405555,CTX AUTO TRANSPORT LLC,15,100,4/24/2026 20:39,Rodrigo Herrera
266502,405581,CTX AUTO TRANSPORT LLC,15,100,4/24/2026 20:39,Rodrigo Herrera
266502,405582,CTX AUTO TRANSPORT LLC,15,100,4/24/2026 20:39,Rodrigo Herrera
266502,405585,CTX AUTO TRANSPORT LLC,15,100,4/24/2026 20:39,Rodrigo Herrera
266502,405596,CTX AUTO TRANSPORT LLC,15,100,4/24/2026 20:39,Rodrigo Herrera
263640,400433,DT TRANSPORTATION LLC,45,325,4/24/2026 21:23,Liza Kolodii
262078,397768,JET HAUL LLC,-185,265,4/24/2026 21:30,Illia Kovanko
262078,397770,JET HAUL LLC,-185,265,4/24/2026 21:30,Illia Kovanko
262078,397771,JET HAUL LLC,-185,265,4/24/2026 21:30,Illia Kovanko
266678,401328,GLOBEKS CORP,75,475,4/24/2026 21:53,Illia Kovanko
262767,398804,CRC TRANSPORT LLC,150,900,4/24/2026 21:56,Illia Kovanko
262767,398806,CRC TRANSPORT LLC,100,850,4/24/2026 21:56,Illia Kovanko
265097,402662,VITAL SHIPPING LLC,-39,450,4/24/2026 22:38,Illia Kovanko
263772,400640,AVT LOGISTICS LLC,-250,1450,4/24/2026 23:28,Illia Kovanko
265234,401175,LADA TRANS INC,100,550,4/24/2026 23:36,Liza Kolodii
264651,402316,ALMACAR LLC,-50,445,4/24/2026 23:48,Illia Kovanko
263084,399540,FARIE INTERNATIONAL LLC,-65,135,4/25/2026 00:40,Tyson Artis
263084,399542,FARIE INTERNATIONAL LLC,-65,135,4/25/2026 00:40,Tyson Artis
260735,394994,GLOBEX TRANS INC,-325,600,4/25/2026 01:02,Illia Kovanko
265922,404534,GLOBEX TRANS INC,200,750,4/25/2026 04:16,Illia Kovanko
263160,399641,CLEVELAND AUTO TRANSPORT LLC,-100,400,4/25/2026 07:45,Illia Kovanko
263160,399946,CLEVELAND AUTO TRANSPORT LLC,50,550,4/25/2026 07:45,Illia Kovanko
263160,401862,CLEVELAND AUTO TRANSPORT LLC,150,650,4/25/2026 07:45,Illia Kovanko
263107,399198,DELTA EXPRESS INC,-45,355,4/25/2026 07:50,Liza Kolodii
263107,399208,DELTA EXPRESS INC,-45,355,4/25/2026 07:50,Liza Kolodii
264205,401463,OB STAR TRUCKING LLC,55,450,4/25/2026 07:54,Illia Kovanko
264530,401939,Z BROTHERS EXPEDITED LLC,14.42,643,4/25/2026 08:05,Illia Kovanko
264530,401947,Z BROTHERS EXPEDITED LLC,14.43,643,4/25/2026 08:05,Illia Kovanko
264530,401948,Z BROTHERS EXPEDITED LLC,14.43,643,4/25/2026 08:05,Illia Kovanko
264530,401949,Z BROTHERS EXPEDITED LLC,14.43,643,4/25/2026 08:05,Illia Kovanko
264530,401950,Z BROTHERS EXPEDITED LLC,14.43,643,4/25/2026 08:05,Illia Kovanko
264530,401951,Z BROTHERS EXPEDITED LLC,14.43,643,4/25/2026 08:05,Illia Kovanko
264530,401952,Z BROTHERS EXPEDITED LLC,14.43,643,4/25/2026 08:05,Illia Kovanko
265020,402798,ERS TRANSPORTATION INC,20,570,4/25/2026 08:34,Illia Kovanko
265805,404275,CHS AUTO TRANSPORT INC,25,500,4/25/2026 08:39,Rodrigo Herrera
264542,401934,Z BROTHERS EXPEDITED LLC,16.65,750,4/25/2026 08:43,Illia Kovanko
264542,401941,Z BROTHERS EXPEDITED LLC,16.67,750,4/25/2026 08:43,Illia Kovanko
264542,401942,Z BROTHERS EXPEDITED LLC,16.67,750,4/25/2026 08:43,Illia Kovanko
264542,401943,Z BROTHERS EXPEDITED LLC,16.67,750,4/25/2026 08:43,Illia Kovanko
264542,401944,Z BROTHERS EXPEDITED LLC,16.67,750,4/25/2026 08:43,Illia Kovanko
264542,401945,Z BROTHERS EXPEDITED LLC,16.67,750,4/25/2026 08:43,Illia Kovanko
265802,404258,MP TEAM INC,75,450,4/25/2026 08:50,Liza Kolodii
265802,404259,MP TEAM INC,75,450,4/25/2026 08:50,Liza Kolodii
266753,405806,XPEL ONE INC,100,450,4/25/2026 08:52,Illia Kovanko
267094,406648,ELITE AUTO EXPRESS LLC,15,265,4/25/2026 09:13,Liza Kolodii
265919,404532,IMAN FREIGHT LLC,-75,750,4/25/2026 09:21,Illia Kovanko
264735,402177,AMERICAN TRANSPORT LOGISTICS LLC,-50,650,4/25/2026 09:28,Illia Kovanko
266290,405389,GQ LINE LLC,100,725,4/25/2026 09:31,Illia Kovanko
264398,401697,RT SUPREME TRANSPORTATION LLC,15,340,4/25/2026 09:42,Ryan Glover
264449,401780,TRIPLE T TRUCKING INC,-465.66,1,4/25/2026 09:58,Liza Kolodii
264449,401781,TRIPLE T TRUCKING INC,-465.67,1,4/25/2026 09:58,Liza Kolodii
264449,401793,TRIPLE T TRUCKING INC,-465.67,1,4/25/2026 09:58,Liza Kolodii
264509,401880,VEROVITA,-160,290,4/25/2026 10:03,Illia Kovanko
264509,401881,VEROVITA,-160,290,4/25/2026 10:03,Illia Kovanko
264509,401888,VEROVITA,-160,290,4/25/2026 10:03,Illia Kovanko
263504,400156,AVT LOGISTICS LLC,-145,655,4/25/2026 10:14,Illia Kovanko
263716,400539,RT SUPREME TRANSPORTATION LLC,-35,290,4/25/2026 10:16,Ryan Glover
261487,396511,AMERICAN TRANSPORT LOGISTICS LLC,-125,400,4/25/2026 10:19,Illia Kovanko
261487,399239,AMERICAN TRANSPORT LOGISTICS LLC,-125,350,4/25/2026 10:19,Illia Kovanko
264068,401185,DV PANAMERICA LLC,20,420,4/25/2026 10:44,Illia Kovanko
264028,401090,KHAN TRANS INC,310,1810,4/25/2026 10:48,Tyson Artis
264367,401663,AMERICAN LOGISTICS PRIME LINE INC,260,810,4/25/2026 10:49,Liza Kolodii
264810,402301,GQ LINE LLC,50,550,4/25/2026 10:57,Illia Kovanko
264243,401446,OB STAR TRUCKING LLC,0,600,4/25/2026 11:23,Illia Kovanko
266889,406287,DTM AUTO GROUP LLC,225,650,4/25/2026 11:49,Illia Kovanko
264140,401330,KN6 TRANSPORT LLC,20,345,4/25/2026 11:52,Illia Kovanko
264140,401713,KN6 TRANSPORT LLC,35,360,4/25/2026 11:52,Illia Kovanko
265683,404037,MAV TRANSPORTATION LLC,20,85,4/25/2026 11:55,Liza Kolodii
265683,404039,MAV TRANSPORTATION LLC,20,85,4/25/2026 11:55,Liza Kolodii
265683,404042,MAV TRANSPORTATION LLC,20,85,4/25/2026 11:55,Liza Kolodii
265683,404043,MAV TRANSPORTATION LLC,20,85,4/25/2026 11:55,Liza Kolodii
265683,404044,MAV TRANSPORTATION LLC,20,85,4/25/2026 11:55,Liza Kolodii
265683,404045,MAV TRANSPORTATION LLC,20,85,4/25/2026 11:55,Liza Kolodii
265683,404108,MAV TRANSPORTATION LLC,20,85,4/25/2026 11:55,Liza Kolodii
266352,405534,AUTO LOGISTIC TRANSPORT,50,180,4/25/2026 11:59,Rodrigo Herrera
266352,405538,AUTO LOGISTIC TRANSPORT,50,180,4/25/2026 11:59,Rodrigo Herrera
266352,405540,AUTO LOGISTIC TRANSPORT,50,180,4/25/2026 11:59,Rodrigo Herrera
266352,405546,AUTO LOGISTIC TRANSPORT,50,180,4/25/2026 11:59,Rodrigo Herrera
266352,405554,AUTO LOGISTIC TRANSPORT,50,180,4/25/2026 11:59,Rodrigo Herrera
266352,405558,AUTO LOGISTIC TRANSPORT,50,180,4/25/2026 11:59,Rodrigo Herrera
266352,405566,AUTO LOGISTIC TRANSPORT,50,180,4/25/2026 11:59,Rodrigo Herrera
266352,405633,AUTO LOGISTIC TRANSPORT,50,180,4/25/2026 11:59,Rodrigo Herrera
266352,405634,AUTO LOGISTIC TRANSPORT,50,180,4/25/2026 11:59,Rodrigo Herrera
261783,397225,GQ LINE LLC,-215,1385,4/25/2026 12:04,Illia Kovanko
265990,404654,WHITE FLAG TRANSPORT LLC,110,560,4/25/2026 12:10,Illia Kovanko
264201,401121,LEGACY ONE TRANSPORT LLC,55,905,4/25/2026 12:21,Tyson Artis
266783,406270,FALCON 8 LLC,-100,325,4/25/2026 12:35,Liza Kolodii
266704,404352,D&A ALL TRANSPORT LLC,25,500,4/25/2026 12:45,Illia Kovanko
264613,402120,NORTH DADE AUTO TRANSPORT INC,11,611,4/25/2026 12:49,Liza Kolodii
264613,402121,NORTH DADE AUTO TRANSPORT INC,11,611,4/25/2026 12:49,Liza Kolodii
264613,402122,NORTH DADE AUTO TRANSPORT INC,11,611,4/25/2026 12:49,Liza Kolodii
264613,402123,NORTH DADE AUTO TRANSPORT INC,11,611,4/25/2026 12:49,Liza Kolodii
264613,402124,NORTH DADE AUTO TRANSPORT INC,11,611,4/25/2026 12:49,Liza Kolodii
264613,402125,NORTH DADE AUTO TRANSPORT INC,11,611,4/25/2026 12:49,Liza Kolodii
264613,402126,NORTH DADE AUTO TRANSPORT INC,11,611,4/25/2026 12:49,Liza Kolodii
263281,398766,KAUNAS TRUCKING INC,-137,463,4/25/2026 12:58,Illia Kovanko
263281,398767,KAUNAS TRUCKING INC,-137,463,4/25/2026 12:58,Illia Kovanko
263281,398768,KAUNAS TRUCKING INC,-167,433,4/25/2026 12:58,Illia Kovanko
263281,398788,KAUNAS TRUCKING INC,-137,463,4/25/2026 12:58,Illia Kovanko
263281,398789,KAUNAS TRUCKING INC,-137,463,4/25/2026 12:58,Illia Kovanko
263281,398790,KAUNAS TRUCKING INC,-137,463,4/25/2026 12:58,Illia Kovanko
263281,398791,KAUNAS TRUCKING INC,-137,463,4/25/2026 12:58,Illia Kovanko
266789,398758,KAUNAS TRUCKING INC,-137,463,4/25/2026 12:59,Illia Kovanko
258948,392036,K&W EXPRESS INC,100,700,4/25/2026 13:04,Liza Kolodii
266409,405706,MP TEAM INC,-10,390,4/25/2026 13:05,Liza Kolodii
266409,405707,MP TEAM INC,-10,390,4/25/2026 13:05,Liza Kolodii
266638,405858,WALKER'S EXPRESS TRANSPORT LLC,15,215,4/25/2026 13:20,Ryan Glover
266638,405859,WALKER'S EXPRESS TRANSPORT LLC,15,215,4/25/2026 13:20,Ryan Glover
262342,398150,QUICKMOVE LLC,1,1,4/25/2026 13:33,Illia Kovanko
263505,400167,HIGH END TRUCKING LLC,-140,335,4/25/2026 13:34,Rodrigo Herrera
265991,404564,AMERICAN TRANSPORT LOGISTICS LLC,-10,540,4/25/2026 13:36,Liza Kolodii
266838,406037,J MACK'S TRUCKING LLC,25,95,4/25/2026 14:01,Liza Kolodii
266838,406041,J MACK'S TRUCKING LLC,25,95,4/25/2026 14:01,Liza Kolodii
266838,406064,J MACK'S TRUCKING LLC,25,95,4/25/2026 14:01,Liza Kolodii
266838,406070,J MACK'S TRUCKING LLC,25,95,4/25/2026 14:01,Liza Kolodii
261846,395109,AGR CARGO LLC,-125,750,4/25/2026 14:02,Illia Kovanko
267080,406725,ARM WAY TRANS,75,550,4/25/2026 14:13,Illia Kovanko
267080,406733,ARM WAY TRANS,75,550,4/25/2026 14:13,Illia Kovanko
265853,404335,OB STAR TRUCKING LLC,470,1170,4/25/2026 14:24,Illia Kovanko
266907,406411,MC TRANSPORTATION LLC,90,715,4/25/2026 14:28,Liza Kolodii
266907,406417,MC TRANSPORTATION LLC,120,745,4/25/2026 14:28,Liza Kolodii
266373,405324,GLOBEKS CORP,75,650,4/25/2026 15:05,Illia Kovanko
264700,401830,MAV TRANSPORTATION LLC,20,85,4/25/2026 15:09,Liza Kolodii
264700,401833,MAV TRANSPORTATION LLC,20,85,4/25/2026 15:09,Liza Kolodii
264700,401839,MAV TRANSPORTATION LLC,20,85,4/25/2026 15:09,Liza Kolodii
264700,401841,MAV TRANSPORTATION LLC,20,85,4/25/2026 15:09,Liza Kolodii
264700,401852,MAV TRANSPORTATION LLC,20,85,4/25/2026 15:09,Liza Kolodii
264700,401857,MAV TRANSPORTATION LLC,20,85,4/25/2026 15:09,Liza Kolodii
265698,399967,LADA TRANS INC,-35,240,4/25/2026 15:21,Liza Kolodii
265698,399970,LADA TRANS INC,-35,240,4/25/2026 15:21,Liza Kolodii
262705,398814,AMERICAN TRANSPORT LOGISTICS LLC,100,700,4/25/2026 15:36,Illia Kovanko
262705,398841,AMERICAN TRANSPORT LOGISTICS LLC,100,700,4/25/2026 15:36,Illia Kovanko
262705,399148,AMERICAN TRANSPORT LOGISTICS LLC,100,700,4/25/2026 15:36,Illia Kovanko
262705,399149,AMERICAN TRANSPORT LOGISTICS LLC,100,700,4/25/2026 15:36,Illia Kovanko
265879,403797,LG EXPRESS INC,50,120,4/25/2026 15:47,Liza Kolodii
265879,404074,LG EXPRESS INC,175,275,4/25/2026 15:47,Liza Kolodii
263769,400638,GB CARGO INC,410,1810,4/25/2026 15:48,Illia Kovanko
264521,401900,Z BROTHERS EXPEDITED LLC,-29,771,4/25/2026 15:52,Illia Kovanko
264521,401901,Z BROTHERS EXPEDITED LLC,-29,771,4/25/2026 15:52,Illia Kovanko
264521,401902,Z BROTHERS EXPEDITED LLC,-29,771,4/25/2026 15:52,Illia Kovanko
264521,401903,Z BROTHERS EXPEDITED LLC,-29,771,4/25/2026 15:52,Illia Kovanko
264521,401904,Z BROTHERS EXPEDITED LLC,-29,771,4/25/2026 15:52,Illia Kovanko
264521,401905,Z BROTHERS EXPEDITED LLC,-29,771,4/25/2026 15:52,Illia Kovanko
264521,401906,Z BROTHERS EXPEDITED LLC,-29,771,4/25/2026 15:52,Illia Kovanko
265863,404251,D & Y AUTO TRANSPORT INC,150,750,4/25/2026 16:01,Illia Kovanko
265863,404252,D & Y AUTO TRANSPORT INC,150,750,4/25/2026 16:01,Illia Kovanko
265863,404253,D & Y AUTO TRANSPORT INC,150,750,4/25/2026 16:01,Illia Kovanko
263877,400750,AMERICAN LOGISTICS PRIME LINE INC,285,1160,4/25/2026 16:11,Illia Kovanko
263877,403117,AMERICAN LOGISTICS PRIME LINE INC,55,930,4/25/2026 16:11,Illia Kovanko
265747,404161,TB2 EXPRESS CORP,200,650,4/25/2026 16:28,Liza Kolodii
264461,401782,DHARMA EXPRESS LLC,15,245,4/25/2026 16:41,Illia Kovanko
264461,401787,DHARMA EXPRESS LLC,15,245,4/25/2026 16:41,Illia Kovanko
264461,401789,DHARMA EXPRESS LLC,15,245,4/25/2026 16:41,Illia Kovanko
264461,401791,DHARMA EXPRESS LLC,15,245,4/25/2026 16:41,Illia Kovanko
264461,404299,DHARMA EXPRESS LLC,15,245,4/25/2026 16:41,Illia Kovanko
264461,404301,DHARMA EXPRESS LLC,15,245,4/25/2026 16:41,Illia Kovanko
264461,404798,DHARMA EXPRESS LLC,15,245,4/25/2026 16:41,Illia Kovanko
265519,403550,CLEVELAND AUTO TRANSPORT LLC,225,825,4/25/2026 17:33,Illia Kovanko
264979,402704,MILIVA INC,-105,1045,4/25/2026 17:41,Illia Kovanko
265957,404567,AMERICAN TRANSPORT LOGISTICS LLC,0,650,4/25/2026 17:48,Illia Kovanko
266468,405754,MECHANICAL TRANSPORT SERVICES LLC,0,235,4/25/2026 17:50,Ryan Glover
266468,405755,MECHANICAL TRANSPORT SERVICES LLC,0,235,4/25/2026 17:50,Ryan Glover
266468,405756,MECHANICAL TRANSPORT SERVICES LLC,0,235,4/25/2026 17:50,Ryan Glover
266468,405757,MECHANICAL TRANSPORT SERVICES LLC,0,235,4/25/2026 17:50,Ryan Glover
266468,405758,MECHANICAL TRANSPORT SERVICES LLC,0,235,4/25/2026 17:50,Ryan Glover
266667,405928,AMERICAN TRANSPORT LOGISTICS LLC,150,650,4/25/2026 17:53,Illia Kovanko
264733,402634,TB2 EXPRESS CORP,-949,1,4/25/2026 18:11,Liza Kolodii
263063,399226,TB2 EXPRESS CORP,-30,470,4/25/2026 18:11,Liza Kolodii
265529,403632,ROOSEVELT AND SONS LLC,-11.66,205,4/25/2026 18:20,Tyson Artis
265529,403635,ROOSEVELT AND SONS LLC,-6.67,210,4/25/2026 18:20,Tyson Artis
265529,403637,ROOSEVELT AND SONS LLC,-11.67,205,4/25/2026 18:20,Tyson Artis
265497,403535,OB STAR TRUCKING LLC,-25,675,4/25/2026 18:35,Illia Kovanko
266456,405743,TAY EXPRESS LLC,350,2150,4/25/2026 19:05,Illia Kovanko
263158,399649,OHONEY CORP,25,550,4/25/2026 19:07,Rodrigo Herrera
265625,403993,WALKER'S EXPRESS TRANSPORT LLC,25,250,4/25/2026 19:28,Ryan Glover
265405,403669,XPEL ONE INC,-25,825,4/25/2026 20:11,Liza Kolodii
266737,405496,Z BROTHERS EXPEDITED LLC,-25,275,4/25/2026 20:53,Illia Kovanko
265564,403833,CRC TRANSPORT LLC,-100,775,4/25/2026 21:13,Illia Kovanko
265564,403837,CRC TRANSPORT LLC,-100,775,4/25/2026 21:13,Illia Kovanko
265564,403838,CRC TRANSPORT LLC,-100,775,4/25/2026 21:13,Illia Kovanko
265564,403839,CRC TRANSPORT LLC,-100,775,4/25/2026 21:13,Illia Kovanko
265564,403840,CRC TRANSPORT LLC,-100,775,4/25/2026 21:13,Illia Kovanko
265564,403841,CRC TRANSPORT LLC,-100,775,4/25/2026 21:13,Illia Kovanko
265564,403842,CRC TRANSPORT LLC,-101,774,4/25/2026 21:13,Illia Kovanko
265564,403843,CRC TRANSPORT LLC,-101,774,4/25/2026 21:13,Illia Kovanko
266413,405548,SG3 SERVICE INC,15,75,4/25/2026 21:18,Rodrigo Herrera
266413,405580,SG3 SERVICE INC,15,75,4/25/2026 21:18,Rodrigo Herrera
266413,405639,SG3 SERVICE INC,15,75,4/25/2026 21:18,Rodrigo Herrera
264453,401743,CRC TRANSPORT LLC,-89.76,688,4/25/2026 21:28,Illia Kovanko
264453,401745,CRC TRANSPORT LLC,-89.78,688,4/25/2026 21:28,Illia Kovanko
264453,401746,CRC TRANSPORT LLC,-89.78,688,4/25/2026 21:28,Illia Kovanko
264453,401748,CRC TRANSPORT LLC,-89.78,688,4/25/2026 21:28,Illia Kovanko
264453,401750,CRC TRANSPORT LLC,-89.78,688,4/25/2026 21:28,Illia Kovanko
264453,401752,CRC TRANSPORT LLC,-89.78,688,4/25/2026 21:28,Illia Kovanko
264453,401754,CRC TRANSPORT LLC,-89.78,688,4/25/2026 21:28,Illia Kovanko
264453,401755,CRC TRANSPORT LLC,-89.78,688,4/25/2026 21:28,Illia Kovanko
264453,401756,CRC TRANSPORT LLC,-89.78,688,4/25/2026 21:28,Illia Kovanko
265343,403409,IMAN FREIGHT LLC,520,1170,4/25/2026 22:05,Illia Kovanko
265366,396225,DEZ ENTERPRISES LLC,0,350,4/25/2026 22:36,Tyson Artis
266626,405886,502 TRANSPORTATION LLC,16.66,150,4/25/2026 22:45,Rodrigo Herrera
266626,405887,502 TRANSPORTATION LLC,16.67,150,4/25/2026 22:45,Rodrigo Herrera
266626,405888,502 TRANSPORTATION LLC,16.67,150,4/25/2026 22:45,Rodrigo Herrera
264223,401442,OB STAR TRUCKING LLC,45,495,4/25/2026 23:17,Illia Kovanko
264672,402214,LIMA LEASE INC,65,890,4/25/2026 23:41,Illia Kovanko
266510,405770,ALITRANS LLC,175,650,4/26/2026 00:54,Liza Kolodii
265301,403330,ALITRANS LLC,200,650,4/26/2026 00:54,Liza Kolodii
266287,405330,LADA TRANS INC,150,750,4/26/2026 01:15,Liza Kolodii
266829,406314,VG AUTO INC,220,720,4/26/2026 03:16,Illia Kovanko
266070,404652,VG AUTO INC,125,700,4/26/2026 03:59,Illia Kovanko
266785,406214,VG AUTO INC,175,825,4/26/2026 09:19,Illia Kovanko
266106,404731,LADA TRANS INC,125,825,4/26/2026 10:44,Liza Kolodii
266270,405081,R B V TRANSPORT INC,111.12,500,4/26/2026 11:39,Rodrigo Herrera
266270,405082,R B V TRANSPORT INC,111.11,500,4/26/2026 11:39,Rodrigo Herrera
266270,405088,R B V TRANSPORT INC,111.11,500,4/26/2026 11:39,Rodrigo Herrera
266270,405089,R B V TRANSPORT INC,111.11,500,4/26/2026 11:39,Rodrigo Herrera
266270,405090,R B V TRANSPORT INC,111.11,500,4/26/2026 11:39,Rodrigo Herrera
266270,405091,R B V TRANSPORT INC,111.11,500,4/26/2026 11:39,Rodrigo Herrera
266270,405092,R B V TRANSPORT INC,111.11,500,4/26/2026 11:39,Rodrigo Herrera
266270,405095,R B V TRANSPORT INC,111.11,500,4/26/2026 11:39,Rodrigo Herrera
266270,405096,R B V TRANSPORT INC,111.11,500,4/26/2026 11:39,Rodrigo Herrera
265649,403819,CRC TRANSPORT LLC,-133.65,1033,4/26/2026 11:54,Illia Kovanko
265649,403820,CRC TRANSPORT LLC,-133.67,1033,4/26/2026 11:54,Illia Kovanko
265649,403822,CRC TRANSPORT LLC,-133.67,1033,4/26/2026 11:54,Illia Kovanko
265649,403823,CRC TRANSPORT LLC,9166.33,10333,4/26/2026 11:54,Illia Kovanko
265649,403825,CRC TRANSPORT LLC,-133.67,1033,4/26/2026 11:54,Illia Kovanko
265649,403827,CRC TRANSPORT LLC,-133.67,1033,4/26/2026 11:54,Illia Kovanko
265627,403970,WALKER'S EXPRESS TRANSPORT LLC,35,385,4/26/2026 12:22,Ryan Glover
264519,401911,RICCAR TRANSPORT CORP,96,771,4/26/2026 12:54,Rodrigo Herrera
264519,401917,RICCAR TRANSPORT CORP,96,771,4/26/2026 12:54,Rodrigo Herrera
264519,401918,RICCAR TRANSPORT CORP,96,771,4/26/2026 12:54,Rodrigo Herrera
264519,401919,RICCAR TRANSPORT CORP,96,771,4/26/2026 12:54,Rodrigo Herrera
264519,401921,RICCAR TRANSPORT CORP,-674,1,4/26/2026 12:54,Rodrigo Herrera
266928,406489,AMERICAN LOGISTICS PRIME LINE INC,250,1000,4/26/2026 15:03,Liza Kolodii
265033,401764,CARRY CAR INC,-115,885,4/26/2026 15:07,Illia Kovanko
265033,401765,CARRY CAR INC,-115,885,4/26/2026 15:07,Illia Kovanko
265033,401766,CARRY CAR INC,-115,885,4/26/2026 15:07,Illia Kovanko
265033,401767,CARRY CAR INC,-115,885,4/26/2026 15:07,Illia Kovanko
265033,401768,CARRY CAR INC,-115,885,4/26/2026 15:07,Illia Kovanko
265033,401769,CARRY CAR INC,-115,885,4/26/2026 15:07,Illia Kovanko
265033,401770,CARRY CAR INC,-115,885,4/26/2026 15:07,Illia Kovanko
266048,404817,MTVA AUTO INC,240,790,4/26/2026 15:23,Illia Kovanko
260784,386790,AMERICAN TRANSPORT LOGISTICS LLC,-150,650,4/26/2026 15:28,Illia Kovanko
260784,406360,AMERICAN TRANSPORT LOGISTICS LLC,0,650,4/26/2026 15:28,Illia Kovanko
266389,405439,CALVARY LOGISTICS LLC,95,750,4/26/2026 15:47,Liza Kolodii
266633,405821,VITAL SHIPPING LLC,285,835,4/26/2026 16:15,Illia Kovanko
266671,405906,CRC TRANSPORT LLC,5,405,4/26/2026 16:49,Illia Kovanko
266671,405907,CRC TRANSPORT LLC,5,405,4/26/2026 16:49,Illia Kovanko
266671,405909,CRC TRANSPORT LLC,5,405,4/26/2026 16:49,Illia Kovanko
266568,405724,502 TRANSPORTATION LLC,35,185,4/26/2026 17:35,Rodrigo Herrera
266269,405318,LADA TRANS INC,33.34,550,4/26/2026 18:08,Liza Kolodii
266269,405319,LADA TRANS INC,33.33,550,4/26/2026 18:08,Liza Kolodii
266269,405320,LADA TRANS INC,33.33,550,4/26/2026 18:08,Liza Kolodii
264183,401447,GLOBEKS CORP,-200,1300,4/26/2026 18:12,Illia Kovanko
264978,401975,FORMULA GROUP LLC,-52,478,4/26/2026 19:38,Rodrigo Herrera
264978,401976,FORMULA GROUP LLC,-52,478,4/26/2026 19:38,Rodrigo Herrera
264978,401977,FORMULA GROUP LLC,-52,478,4/26/2026 19:38,Rodrigo Herrera
264978,401991,FORMULA GROUP LLC,-52,478,4/26/2026 19:38,Rodrigo Herrera
264978,403184,FORMULA GROUP LLC,-52,478,4/26/2026 19:38,Rodrigo Herrera
264978,403387,FORMULA GROUP LLC,-52,478,4/26/2026 19:38,Rodrigo Herrera
264978,403418,FORMULA GROUP LLC,-52,478,4/26/2026 19:38,Rodrigo Herrera
264978,403432,FORMULA GROUP LLC,-52,478,4/26/2026 19:38,Rodrigo Herrera
264627,402086,CRC TRANSPORT LLC,61,836,4/26/2026 21:51,Illia Kovanko
264627,402087,CRC TRANSPORT LLC,61,836,4/26/2026 21:51,Illia Kovanko
264627,402088,CRC TRANSPORT LLC,61,836,4/26/2026 21:51,Illia Kovanko
264627,402089,CRC TRANSPORT LLC,61,836,4/26/2026 21:51,Illia Kovanko
264627,402090,CRC TRANSPORT LLC,61,836,4/26/2026 21:51,Illia Kovanko
264627,402091,CRC TRANSPORT LLC,61,836,4/26/2026 21:51,Illia Kovanko
264627,402092,CRC TRANSPORT LLC,61,836,4/26/2026 21:51,Illia Kovanko
261611,394882,MARTINS AUTO SERVICE LLC,150,550,4/27/2026 07:36,Tyson Artis
264616,402095,BULLA TRANSPORTATION INC,0,945,4/27/2026 08:07,Illia Kovanko
264616,402096,BULLA TRANSPORTATION INC,0,945,4/27/2026 08:07,Illia Kovanko
264616,402101,BULLA TRANSPORTATION INC,0,945,4/27/2026 08:07,Illia Kovanko
264616,402102,BULLA TRANSPORTATION INC,0,945,4/27/2026 08:07,Illia Kovanko
264616,402103,BULLA TRANSPORTATION INC,0,945,4/27/2026 08:07,Illia Kovanko
266680,395955,GEORGE DEALER INC,-50,400,4/27/2026 08:13,Rodrigo Herrera
266319,405201,CAPE CORAL CARRIERS CORP,24,154,4/27/2026 09:01,Rodrigo Herrera
266319,405202,CAPE CORAL CARRIERS CORP,24,154,4/27/2026 09:01,Rodrigo Herrera
264711,402198,INVIA LLC,8.34,350,4/27/2026 09:11,Illia Kovanko
264711,402199,INVIA LLC,8.33,350,4/27/2026 09:11,Illia Kovanko
264711,402200,INVIA LLC,8.33,350,4/27/2026 09:11,Illia Kovanko
263954,400875,FREEMAN LOGISTICAL SERVICES LLC,60,235,4/27/2026 09:20,Tyson Artis
264915,402606,TAD LOGISTIC LLC,100,900,4/27/2026 09:20,Illia Kovanko
264915,402615,TAD LOGISTIC LLC,100,900,4/27/2026 09:20,Illia Kovanko
264606,401978,CRC TRANSPORT LLC,-29,546,4/27/2026 09:31,Illia Kovanko
264606,401980,CRC TRANSPORT LLC,-29,546,4/27/2026 09:31,Illia Kovanko
264606,401982,CRC TRANSPORT LLC,-29,546,4/27/2026 09:31,Illia Kovanko
264606,401984,CRC TRANSPORT LLC,-29,546,4/27/2026 09:31,Illia Kovanko
264606,401985,CRC TRANSPORT LLC,-29,546,4/27/2026 09:31,Illia Kovanko
264606,403189,CRC TRANSPORT LLC,-29,546,4/27/2026 09:31,Illia Kovanko
264606,403339,CRC TRANSPORT LLC,-29,546,4/27/2026 09:31,Illia Kovanko
265904,404482,ED TRANSPORTSS LLC,75,775,4/27/2026 09:37,Illia Kovanko
265904,406575,ED TRANSPORTSS LLC,50,750,4/27/2026 09:37,Illia Kovanko
266670,405890,DTM AUTO GROUP LLC,265,715,4/27/2026 09:43,Illia Kovanko
266662,405819,AVT LOGISTICS LLC,125,450,4/27/2026 10:14,Illia Kovanko
264973,402389,RND SAFE CARGO INC,-185,415,4/27/2026 10:19,Liza Kolodii
266021,396718,RT SUPREME TRANSPORTATION LLC,5,85,4/27/2026 10:21,Ryan Glover
266021,398065,RT SUPREME TRANSPORTATION LLC,5,85,4/27/2026 10:21,Ryan Glover
266015,367273,RT SUPREME TRANSPORTATION LLC,5,85,4/27/2026 10:22,Ryan Glover
265942,399360,RT SUPREME TRANSPORTATION LLC,15,135,4/27/2026 10:22,Ryan Glover
265945,377302,RT SUPREME TRANSPORTATION LLC,15,135,4/27/2026 10:22,Ryan Glover
266209,405227,BFS TRUCKING INC,8.35,425,4/27/2026 10:26,Illia Kovanko
266209,405228,BFS TRUCKING INC,8.33,425,4/27/2026 10:26,Illia Kovanko
266209,405229,BFS TRUCKING INC,8.33,425,4/27/2026 10:26,Illia Kovanko
266209,405230,BFS TRUCKING INC,8.33,425,4/27/2026 10:26,Illia Kovanko
266209,405231,BFS TRUCKING INC,8.33,425,4/27/2026 10:26,Illia Kovanko
266209,405232,BFS TRUCKING INC,8.33,425,4/27/2026 10:26,Illia Kovanko
266020,394358,RT SUPREME TRANSPORTATION LLC,5,85,4/27/2026 10:27,Ryan Glover
266020,395480,RT SUPREME TRANSPORTATION LLC,5,85,4/27/2026 10:27,Ryan Glover
266923,405868,LYNX AUTO TRANSPORT LLC,15,165,4/27/2026 10:52,Illia Kovanko
266923,405870,LYNX AUTO TRANSPORT LLC,15,165,4/27/2026 10:52,Illia Kovanko
266353,405484,CLEVELAND AUTO TRANSPORT LLC,410,1910,4/27/2026 11:00,Illia Kovanko
264564,401924,Z BROTHERS EXPEDITED LLC,-71.26,643,4/27/2026 11:10,Illia Kovanko
264564,401925,Z BROTHERS EXPEDITED LLC,-71.29,643,4/27/2026 11:10,Illia Kovanko
264564,401926,Z BROTHERS EXPEDITED LLC,-71.29,643,4/27/2026 11:10,Illia Kovanko
264564,401927,Z BROTHERS EXPEDITED LLC,-71.29,643,4/27/2026 11:10,Illia Kovanko
264564,401928,Z BROTHERS EXPEDITED LLC,-71.29,643,4/27/2026 11:10,Illia Kovanko
264564,401929,Z BROTHERS EXPEDITED LLC,-71.29,643,4/27/2026 11:10,Illia Kovanko
264564,401930,Z BROTHERS EXPEDITED LLC,-71.29,643,4/27/2026 11:10,Illia Kovanko
266093,403771,BLACK PROOF INC,15,85,4/27/2026 11:11,Liza Kolodii
266093,404081,BLACK PROOF INC,15,85,4/27/2026 11:11,Liza Kolodii
266093,406007,BLACK PROOF INC,15,85,4/27/2026 11:11,Liza Kolodii
266093,406040,BLACK PROOF INC,15,85,4/27/2026 11:11,Liza Kolodii
266093,406068,BLACK PROOF INC,15,85,4/27/2026 11:11,Liza Kolodii
266093,406448,BLACK PROOF INC,15,85,4/27/2026 11:11,Liza Kolodii
266093,406453,BLACK PROOF INC,15,85,4/27/2026 11:11,Liza Kolodii
265191,401133,HIGH END TRUCKING LLC,-599,1,4/27/2026 11:11,Rodrigo Herrera
263358,399945,HIGH END TRUCKING LLC,50,500,4/27/2026 11:12,Rodrigo Herrera
263358,401703,HIGH END TRUCKING LLC,50,500,4/27/2026 11:12,Rodrigo Herrera
263358,404114,HIGH END TRUCKING LLC,50,500,4/27/2026 11:12,Rodrigo Herrera
263358,405314,HIGH END TRUCKING LLC,-449,1,4/27/2026 11:12,Rodrigo Herrera
263358,405315,HIGH END TRUCKING LLC,-449,1,4/27/2026 11:12,Rodrigo Herrera
263358,405316,HIGH END TRUCKING LLC,-449,1,4/27/2026 11:12,Rodrigo Herrera
263358,405317,HIGH END TRUCKING LLC,-449,1,4/27/2026 11:12,Rodrigo Herrera
266707,396414,HIGH END TRUCKING LLC,-75,355,4/27/2026 11:13,Rodrigo Herrera
266707,396428,HIGH END TRUCKING LLC,-75,355,4/27/2026 11:13,Rodrigo Herrera
266707,406113,HIGH END TRUCKING LLC,1,1,4/27/2026 11:13,Rodrigo Herrera
266707,406115,HIGH END TRUCKING LLC,1,1,4/27/2026 11:13,Rodrigo Herrera
266772,406223,JRO TRANSPORT LLC,25,150,4/27/2026 11:13,Rodrigo Herrera
266772,406226,JRO TRANSPORT LLC,25,150,4/27/2026 11:13,Rodrigo Herrera
266772,406233,JRO TRANSPORT LLC,25,150,4/27/2026 11:13,Rodrigo Herrera
256267,386567,XPEL ONE INC,-305,995,4/27/2026 11:28,Liza Kolodii
256267,386571,XPEL ONE INC,-305,995,4/27/2026 11:28,Liza Kolodii
256267,386795,XPEL ONE INC,-305,995,4/27/2026 11:28,Liza Kolodii
266360,400631,NIKO DELIVERY LLC,-274,1,4/27/2026 11:35,Illia Kovanko
264804,402447,VIDAL TRANSPORT LLC,-45,95,4/27/2026 11:36,Tyson Artis
264804,402448,VIDAL TRANSPORT LLC,-45,95,4/27/2026 11:36,Tyson Artis
264804,402449,VIDAL TRANSPORT LLC,-45,95,4/27/2026 11:36,Tyson Artis
266274,393286,RT SUPREME TRANSPORTATION LLC,45,195,4/27/2026 11:53,Ryan Glover
264701,402415,RAINIER TRUCKING LLC,50,180,4/27/2026 11:54,Rodrigo Herrera
264701,402437,RAINIER TRUCKING LLC,50,180,4/27/2026 11:54,Rodrigo Herrera
264701,402441,RAINIER TRUCKING LLC,50,180,4/27/2026 11:54,Rodrigo Herrera
266172,405178,JJS HAULING LLC,75,300,4/27/2026 11:54,Rodrigo Herrera
266172,405180,JJS HAULING LLC,75,300,4/27/2026 11:54,Rodrigo Herrera
265147,405010,TWO STREET TRUCKING LLC,11.67,85,4/27/2026 11:58,Rodrigo Herrera
265147,405012,TWO STREET TRUCKING LLC,11.67,85,4/27/2026 11:58,Rodrigo Herrera
265147,405013,TWO STREET TRUCKING LLC,11.67,85,4/27/2026 11:58,Rodrigo Herrera
265255,403128,LG EXPRESS INC,25,95,4/27/2026 12:02,Liza Kolodii
265255,403156,LG EXPRESS INC,25,95,4/27/2026 12:02,Liza Kolodii
266665,405824,VITAL SHIPPING LLC,85,485,4/27/2026 12:05,Illia Kovanko
265999,404733,APRIL & RUDY'S TRANSPORT LLC,95,175,4/27/2026 12:09,Rodrigo Herrera
265999,404734,APRIL & RUDY'S TRANSPORT LLC,95,175,4/27/2026 12:09,Rodrigo Herrera
266019,393291,RT SUPREME TRANSPORTATION LLC,5,85,4/27/2026 12:14,Ryan Glover
266019,396224,RT SUPREME TRANSPORTATION LLC,5,85,4/27/2026 12:14,Ryan Glover
257477,389127,Z BROTHERS EXPEDITED LLC,-300,400,4/27/2026 12:14,Illia Kovanko
265516,399777,ECARMOVER INC.,10,140,4/27/2026 12:20,Tyson Artis
265516,403212,ECARMOVER INC.,10,140,4/27/2026 12:20,Tyson Artis
265516,403220,ECARMOVER INC.,10,140,4/27/2026 12:20,Tyson Artis
265516,403923,ECARMOVER INC.,10,140,4/27/2026 12:20,Tyson Artis
265516,406189,ECARMOVER INC.,10,140,4/27/2026 12:20,Tyson Artis
265946,398506,RT SUPREME TRANSPORTATION LLC,15,135,4/27/2026 12:21,Ryan Glover
266022,399357,RT SUPREME TRANSPORTATION LLC,5,85,4/27/2026 12:30,Ryan Glover
266022,401565,RT SUPREME TRANSPORTATION LLC,5,85,4/27/2026 12:30,Ryan Glover
266074,404659,AMERICAN TRANSPORT LOGISTICS LLC,75,675,4/27/2026 12:40,Liza Kolodii
266766,406229,PERFORMANCE TRANSPORT LLC,10,85,4/27/2026 12:48,Rodrigo Herrera
266766,406230,PERFORMANCE TRANSPORT LLC,10,85,4/27/2026 12:48,Rodrigo Herrera
266766,406237,PERFORMANCE TRANSPORT LLC,10,85,4/27/2026 12:48,Rodrigo Herrera
266766,406249,PERFORMANCE TRANSPORT LLC,10,85,4/27/2026 12:48,Rodrigo Herrera
266766,406259,PERFORMANCE TRANSPORT LLC,10,85,4/27/2026 12:48,Rodrigo Herrera
266766,406528,PERFORMANCE TRANSPORT LLC,10,85,4/27/2026 12:48,Rodrigo Herrera
266766,406545,PERFORMANCE TRANSPORT LLC,10,85,4/27/2026 12:48,Rodrigo Herrera
261560,396353,BFS TRUCKING INC,-725,1275,4/27/2026 12:48,Illia Kovanko
265858,405736,LG2 TRANSPORTS LLC,0,500,4/27/2026 12:50,Rodrigo Herrera
265686,404057,MAV TRANSPORTATION LLC,20,85,4/27/2026 12:57,Liza Kolodii
265686,404058,MAV TRANSPORTATION LLC,20,85,4/27/2026 12:57,Liza Kolodii
265686,404060,MAV TRANSPORTATION LLC,20,85,4/27/2026 12:57,Liza Kolodii
265686,404061,MAV TRANSPORTATION LLC,20,85,4/27/2026 12:57,Liza Kolodii
265686,404062,MAV TRANSPORTATION LLC,20,85,4/27/2026 12:57,Liza Kolodii
265686,404065,MAV TRANSPORTATION LLC,20,85,4/27/2026 12:57,Liza Kolodii
265686,404105,MAV TRANSPORTATION LLC,20,85,4/27/2026 12:57,Liza Kolodii
266394,405440,WHITE FLAG TRANSPORT LLC,25,700,4/27/2026 13:08,Illia Kovanko
266394,405672,WHITE FLAG TRANSPORT LLC,50,650,4/27/2026 13:08,Illia Kovanko
266159,405141,LG EXPRESS INC,25,95,4/27/2026 13:13,Liza Kolodii
266159,405143,LG EXPRESS INC,25,95,4/27/2026 13:13,Liza Kolodii
266159,405151,LG EXPRESS INC,25,95,4/27/2026 13:13,Liza Kolodii
266159,405154,LG EXPRESS INC,25,95,4/27/2026 13:13,Liza Kolodii
266159,405155,LG EXPRESS INC,25,95,4/27/2026 13:13,Liza Kolodii
267295,396509,RT SUPREME TRANSPORTATION LLC,-15,135,4/27/2026 13:18,Ryan Glover
265504,401343,L GUZMAN TRANSPORTATION LLC,150,450,4/27/2026 13:18,Tyson Artis
266518,405649,UCT LOGISTICS LLC,12,112,4/27/2026 13:20,Rodrigo Herrera
266518,406903,UCT LOGISTICS LLC,12,112,4/27/2026 13:20,Rodrigo Herrera
265491,401351,L GUZMAN TRANSPORTATION LLC,100,450,4/27/2026 13:20,Tyson Artis
262707,373572,LAMY TRANS LLC,-460,840,4/27/2026 13:20,Liza Kolodii
267205,407175,AMBROS MONTES SERVICES LLC,20,75,4/27/2026 13:23,Rodrigo Herrera
267205,407178,AMBROS MONTES SERVICES LLC,20,75,4/27/2026 13:23,Rodrigo Herrera
266525,405273,HULK HAULS LLC,5,165,4/27/2026 13:28,Liza Kolodii
266942,406429,LG EXPRESS INC,65,145,4/27/2026 13:33,Liza Kolodii
266942,406476,LG EXPRESS INC,65,145,4/27/2026 13:33,Liza Kolodii
266942,406485,LG EXPRESS INC,65,145,4/27/2026 13:33,Liza Kolodii
257989,390008,"WEST COAST CARGO, INC.",20,1770,4/27/2026 13:34,Rodrigo Herrera
266063,404650,V&S GROUP LLC,75,700,4/27/2026 13:40,Illia Kovanko
266884,406386,GQ LINE LLC,75,525,4/27/2026 13:40,Illia Kovanko
266036,404418,TASMO TRANSPORTATION LLC,50,375,4/27/2026 13:45,Ryan Glover
266529,405730,ALGA FREIGHT COMPANY,55,1230,4/27/2026 13:46,Illia Kovanko
265590,403889,DELTA EXPRESS INC,80,310,4/27/2026 13:51,Liza Kolodii
265590,403890,DELTA EXPRESS INC,80,310,4/27/2026 13:51,Liza Kolodii
265590,403891,DELTA EXPRESS INC,80,310,4/27/2026 13:51,Liza Kolodii
265590,403895,DELTA EXPRESS INC,80,310,4/27/2026 13:51,Liza Kolodii
265590,403898,DELTA EXPRESS INC,80,310,4/27/2026 13:51,Liza Kolodii
265590,403899,DELTA EXPRESS INC,80,310,4/27/2026 13:51,Liza Kolodii
265590,403900,DELTA EXPRESS INC,80,310,4/27/2026 13:51,Liza Kolodii
265590,403904,DELTA EXPRESS INC,80,310,4/27/2026 13:51,Liza Kolodii
267019,406346,MECHANICAL TRANSPORT SERVICES LLC,0,150,4/27/2026 13:56,Ryan Glover
266320,405204,CAPE CORAL CARRIERS CORP,20,165,4/27/2026 13:59,Rodrigo Herrera
265664,403844,APRIL & RUDY'S TRANSPORT LLC,25,150,4/27/2026 14:05,Rodrigo Herrera
265433,401371,10 TOWS DOWN TOWING LLC,5,125,4/27/2026 14:05,Tyson Artis
265650,403830,CRC TRANSPORT LLC,-51.34,1032,4/27/2026 14:10,Illia Kovanko
265650,403831,CRC TRANSPORT LLC,-51.34,1032,4/27/2026 14:10,Illia Kovanko
265650,403832,CRC TRANSPORT LLC,-51.33,1032,4/27/2026 14:10,Illia Kovanko
265650,403834,CRC TRANSPORT LLC,-50.33,1033,4/27/2026 14:10,Illia Kovanko
265650,403835,CRC TRANSPORT LLC,-50.33,1033,4/27/2026 14:10,Illia Kovanko
265650,403836,CRC TRANSPORT LLC,-50.33,1033,4/27/2026 14:10,Illia Kovanko
266141,400240,LG EXPRESS INC,90,190,4/27/2026 14:10,Liza Kolodii
266141,400268,LG EXPRESS INC,90,190,4/27/2026 14:10,Liza Kolodii
266141,402548,LG EXPRESS INC,90,190,4/27/2026 14:10,Liza Kolodii
265709,404059,LG EXPRESS INC,90,190,4/27/2026 14:12,Liza Kolodii
265709,404063,LG EXPRESS INC,90,190,4/27/2026 14:12,Liza Kolodii
265709,404064,LG EXPRESS INC,90,190,4/27/2026 14:12,Liza Kolodii
265709,404076,LG EXPRESS INC,90,190,4/27/2026 14:12,Liza Kolodii
266580,405532,SG3 SERVICE INC,15,75,4/27/2026 14:13,Rodrigo Herrera
266580,405535,SG3 SERVICE INC,15,75,4/27/2026 14:13,Rodrigo Herrera
266580,405594,SG3 SERVICE INC,15,75,4/27/2026 14:13,Rodrigo Herrera
266245,405218,WALKER'S EXPRESS TRANSPORT LLC,-40,175,4/27/2026 14:18,Ryan Glover
266168,405042,TTO AUTO TRANSPORT LLC,150,850,4/27/2026 14:23,Rodrigo Herrera
266792,405995,DAJANI AUTO HAULERS INC,15,85,4/27/2026 14:24,Liza Kolodii
266792,406008,DAJANI AUTO HAULERS INC,15,85,4/27/2026 14:24,Liza Kolodii
266792,406012,DAJANI AUTO HAULERS INC,15,85,4/27/2026 14:24,Liza Kolodii
266792,406016,DAJANI AUTO HAULERS INC,15,85,4/27/2026 14:24,Liza Kolodii
266244,405217,WALKER'S EXPRESS TRANSPORT LLC,-40,175,4/27/2026 14:30,Ryan Glover
266112,405396,BLACK PROOF INC,15,85,4/27/2026 14:31,Liza Kolodii
266112,405399,BLACK PROOF INC,15,85,4/27/2026 14:31,Liza Kolodii
266112,405400,BLACK PROOF INC,15,85,4/27/2026 14:31,Liza Kolodii
266112,406048,BLACK PROOF INC,15,85,4/27/2026 14:31,Liza Kolodii
266112,406049,BLACK PROOF INC,15,85,4/27/2026 14:31,Liza Kolodii
266112,406432,BLACK PROOF INC,15,85,4/27/2026 14:31,Liza Kolodii
266112,406434,BLACK PROOF INC,15,85,4/27/2026 14:31,Liza Kolodii
264159,401157,V&S FREEWAY LOGISTICS LLC,100,750,4/27/2026 14:31,Liza Kolodii
262541,398345,WHITE FLAG TRANSPORT LLC,120,775,4/27/2026 14:32,Illia Kovanko
264724,402619,V&S FREEWAY LOGISTICS LLC,225,825,4/27/2026 14:32,Liza Kolodii
264849,401325,JIMS AUTOMOTIVE TRANSPORTS LLC,75,450,4/27/2026 14:36,Ryan Glover
261840,395598,SDM TRANSPORT INC,0,800,4/27/2026 14:39,Liza Kolodii
266139,405397,LG EXPRESS INC,45,125,4/27/2026 14:40,Liza Kolodii
266139,406472,LG EXPRESS INC,45,125,4/27/2026 14:40,Liza Kolodii
266139,407109,LG EXPRESS INC,45,125,4/27/2026 14:40,Liza Kolodii
264896,402206,V&S FREEWAY LOGISTICS LLC,-100,650,4/27/2026 14:45,Liza Kolodii
266173,405127,"ROADRUNNER NC TRANSPORT, LLC",30,100,4/27/2026 14:46,Tyson Artis
266173,405133,"ROADRUNNER NC TRANSPORT, LLC",30,100,4/27/2026 14:46,Tyson Artis
266176,405124,"ROADRUNNER NC TRANSPORT, LLC",30,100,4/27/2026 14:46,Tyson Artis
266176,405131,"ROADRUNNER NC TRANSPORT, LLC",30,100,4/27/2026 14:46,Tyson Artis
266547,405125,"ROADRUNNER NC TRANSPORT, LLC",30,100,4/27/2026 14:47,Tyson Artis
266547,405129,"ROADRUNNER NC TRANSPORT, LLC",-20,100,4/27/2026 14:47,Tyson Artis
265572,403791,GUERRERO 1 LOGISTICS INC,20,80,4/27/2026 14:48,Liza Kolodii
265572,403812,GUERRERO 1 LOGISTICS INC,20,80,4/27/2026 14:48,Liza Kolodii
265572,404103,GUERRERO 1 LOGISTICS INC,20,80,4/27/2026 14:48,Liza Kolodii
266190,404751,CONNECT U S LLC,580,2280,4/27/2026 14:48,Illia Kovanko
266138,405366,LG EXPRESS INC,45,125,4/27/2026 14:54,Liza Kolodii
266138,405371,LG EXPRESS INC,45,125,4/27/2026 14:54,Liza Kolodii
266138,405383,LG EXPRESS INC,45,125,4/27/2026 14:54,Liza Kolodii
266138,405403,LG EXPRESS INC,45,125,4/27/2026 14:54,Liza Kolodii
266138,406003,LG EXPRESS INC,45,125,4/27/2026 14:54,Liza Kolodii
266138,406015,LG EXPRESS INC,45,125,4/27/2026 14:54,Liza Kolodii
261186,401956,GEORGE DEALER INC,15,515,4/27/2026 15:03,Rodrigo Herrera
267095,406738,BUMBLE AUTO BROKERS LLC,-299,1,4/27/2026 15:05,Rodrigo Herrera
266856,406285,AMERICAN TRANSPORT LOGISTICS LLC,375,950,4/27/2026 15:05,Liza Kolodii
267486,401308,RT SUPREME TRANSPORTATION LLC,-55,195,4/27/2026 15:09,Ryan Glover
265955,404556,"ALPHA TRANSPORTATION EXPRESS, LLC",160,910,4/27/2026 15:12,Liza Kolodii
265955,405670,"ALPHA TRANSPORTATION EXPRESS, LLC",315,1065,4/27/2026 15:12,Liza Kolodii
265955,405873,"ALPHA TRANSPORTATION EXPRESS, LLC",260,1010,4/27/2026 15:12,Liza Kolodii
264502,401757,KAUNAS TRUCKING INC,-115,885,4/27/2026 15:14,Illia Kovanko
264502,401758,KAUNAS TRUCKING INC,-115,885,4/27/2026 15:14,Illia Kovanko
264502,401759,KAUNAS TRUCKING INC,-115,885,4/27/2026 15:14,Illia Kovanko
264502,401760,KAUNAS TRUCKING INC,-115,885,4/27/2026 15:14,Illia Kovanko
264502,401761,KAUNAS TRUCKING INC,-115,885,4/27/2026 15:14,Illia Kovanko
264502,401762,KAUNAS TRUCKING INC,-115,885,4/27/2026 15:14,Illia Kovanko
264502,401763,KAUNAS TRUCKING INC,-115,885,4/27/2026 15:14,Illia Kovanko
266526,405804,KIEVSTAR CARGO LLC,-100,525,4/27/2026 15:21,Illia Kovanko
262942,398460,JIMS AUTOMOTIVE TRANSPORTS LLC,0,195,4/27/2026 15:22,Ryan Glover
265482,401633,SOTO TOWING & TRANSPORTS LLC,0,225,4/27/2026 15:24,Tyson Artis
265482,401635,SOTO TOWING & TRANSPORTS LLC,0,225,4/27/2026 15:24,Tyson Artis
261866,397355,HIGH END TRUCKING LLC,-16.66,450,4/27/2026 15:27,Rodrigo Herrera
261866,398151,HIGH END TRUCKING LLC,33.33,500,4/27/2026 15:27,Rodrigo Herrera
261866,398401,HIGH END TRUCKING LLC,-16.67,450,4/27/2026 15:27,Rodrigo Herrera
266669,405931,CAPE CORAL CARRIERS CORP,60,200,4/27/2026 15:28,Rodrigo Herrera
266669,405932,CAPE CORAL CARRIERS CORP,60,200,4/27/2026 15:28,Rodrigo Herrera
266669,405933,CAPE CORAL CARRIERS CORP,60,200,4/27/2026 15:28,Rodrigo Herrera
266669,405934,CAPE CORAL CARRIERS CORP,60,200,4/27/2026 15:28,Rodrigo Herrera
266669,405935,CAPE CORAL CARRIERS CORP,60,200,4/27/2026 15:28,Rodrigo Herrera
266358,405433,JRO TRANSPORT LLC,25,150,4/27/2026 15:35,Rodrigo Herrera
266358,405434,JRO TRANSPORT LLC,25,150,4/27/2026 15:35,Rodrigo Herrera
266358,405435,JRO TRANSPORT LLC,25,150,4/27/2026 15:35,Rodrigo Herrera
266553,405568,OSCAR ANTONIO ABRIGO,15,75,4/27/2026 15:37,Rodrigo Herrera
266553,405625,OSCAR ANTONIO ABRIGO,15,75,4/27/2026 15:37,Rodrigo Herrera
265300,402837,INEVITABLE TRANSPORTATION LLC,15,85,4/27/2026 15:41,Rodrigo Herrera
265300,402912,INEVITABLE TRANSPORTATION LLC,15,85,4/27/2026 15:41,Rodrigo Herrera
265300,402918,INEVITABLE TRANSPORTATION LLC,15,85,4/27/2026 15:41,Rodrigo Herrera
265300,402921,INEVITABLE TRANSPORTATION LLC,15,85,4/27/2026 15:41,Rodrigo Herrera
265300,402923,INEVITABLE TRANSPORTATION LLC,15,85,4/27/2026 15:41,Rodrigo Herrera
265300,402930,INEVITABLE TRANSPORTATION LLC,15,85,4/27/2026 15:41,Rodrigo Herrera
265300,403270,INEVITABLE TRANSPORTATION LLC,15,85,4/27/2026 15:41,Rodrigo Herrera
265300,405650,INEVITABLE TRANSPORTATION LLC,15,85,4/27/2026 15:41,Rodrigo Herrera
265300,407176,INEVITABLE TRANSPORTATION LLC,15,85,4/27/2026 15:41,Rodrigo Herrera
266583,405602,SG3 SERVICE INC,15,75,4/27/2026 15:42,Rodrigo Herrera
266583,405603,SG3 SERVICE INC,15,75,4/27/2026 15:42,Rodrigo Herrera
266583,405605,SG3 SERVICE INC,15,75,4/27/2026 15:42,Rodrigo Herrera
267071,406544,ALIEN CORPORATION,20,95,4/27/2026 15:44,Illia Kovanko
267071,406546,ALIEN CORPORATION,20,95,4/27/2026 15:44,Illia Kovanko
267071,406547,ALIEN CORPORATION,20,95,4/27/2026 15:44,Illia Kovanko
267071,406549,ALIEN CORPORATION,20,95,4/27/2026 15:44,Illia Kovanko
266161,405107,AMERICAN LOGISTICS PRIME LINE INC,37.5,550,4/27/2026 16:14,Rodrigo Herrera
266161,406345,AMERICAN LOGISTICS PRIME LINE INC,37.5,550,4/27/2026 16:14,Rodrigo Herrera
267300,369729,J MACK'S TRUCKING LLC,20,80,4/27/2026 16:28,Liza Kolodii
267300,406845,J MACK'S TRUCKING LLC,20,80,4/27/2026 16:28,Liza Kolodii
267300,407091,J MACK'S TRUCKING LLC,20,80,4/27/2026 16:28,Liza Kolodii
267300,407118,J MACK'S TRUCKING LLC,20,80,4/27/2026 16:28,Liza Kolodii
265760,404238,DOUBLE J&K TRANSPORT LLC,35,285,4/27/2026 16:32,Ryan Glover
263974,399485,GREEN TOW TRANSPORTATION,40,115,4/27/2026 16:36,Tyson Artis
266976,406578,TAY EXPRESS LLC,195,995,4/27/2026 16:39,Illia Kovanko
265461,401345,GREEN TOW TRANSPORTATION,40,115,4/27/2026 16:40,Tyson Artis
267260,401349,GREEN TOW TRANSPORTATION,40,115,4/27/2026 16:42,Tyson Artis
267260,401350,GREEN TOW TRANSPORTATION,40,115,4/27/2026 16:42,Tyson Artis
265600,403756,LG EXPRESS INC,65,145,4/27/2026 16:43,Liza Kolodii
265600,403762,LG EXPRESS INC,65,145,4/27/2026 16:43,Liza Kolodii
265600,406877,LG EXPRESS INC,65,145,4/27/2026 16:43,Liza Kolodii
266824,406225,PERFORMANCE TRANSPORT LLC,20,170,4/27/2026 16:44,Rodrigo Herrera
266824,406248,PERFORMANCE TRANSPORT LLC,20,170,4/27/2026 16:44,Rodrigo Herrera
266824,406256,PERFORMANCE TRANSPORT LLC,20,170,4/27/2026 16:44,Rodrigo Herrera
265996,399488,GREEN TOW TRANSPORTATION,40,115,4/27/2026 16:46,Tyson Artis
265996,401348,GREEN TOW TRANSPORTATION,40,115,4/27/2026 16:46,Tyson Artis
265996,403323,GREEN TOW TRANSPORTATION,40,115,4/27/2026 16:46,Tyson Artis
267303,407088,GUERRERO 1 LOGISTICS INC,20,80,4/27/2026 16:46,Liza Kolodii
267303,407089,GUERRERO 1 LOGISTICS INC,20,80,4/27/2026 16:46,Liza Kolodii
267303,407163,GUERRERO 1 LOGISTICS INC,20,80,4/27/2026 16:46,Liza Kolodii
265364,399421,LYNX AUTO TRANSPORT LLC,50,400,4/27/2026 16:47,Illia Kovanko
265960,399417,LYNX AUTO TRANSPORT LLC,50,400,4/27/2026 16:48,Illia Kovanko
266033,401268,LYNX AUTO TRANSPORT LLC,-100,400,4/27/2026 16:50,Illia Kovanko
267394,353086,MAV TRANSPORTATION LLC,20,85,4/27/2026 16:54,Liza Kolodii
267394,406846,MAV TRANSPORTATION LLC,20,85,4/27/2026 16:54,Liza Kolodii
267394,406849,MAV TRANSPORTATION LLC,20,85,4/27/2026 16:54,Liza Kolodii
267394,407105,MAV TRANSPORTATION LLC,20,85,4/27/2026 16:54,Liza Kolodii
267394,407126,MAV TRANSPORTATION LLC,20,85,4/27/2026 16:54,Liza Kolodii
267394,407127,MAV TRANSPORTATION LLC,20,85,4/27/2026 16:54,Liza Kolodii
267394,407128,MAV TRANSPORTATION LLC,20,85,4/27/2026 16:54,Liza Kolodii
265367,401636,EBASH TOWING LLC,55,270,4/27/2026 16:57,Tyson Artis
265369,401639,EBASH TOWING LLC,55,270,4/27/2026 16:58,Tyson Artis
262367,397981,STH EXPRESS LLC,45,970,4/27/2026 17:01,Illia Kovanko
262367,397993,STH EXPRESS LLC,45,970,4/27/2026 17:01,Illia Kovanko
266582,405595,SG3 SERVICE INC,15,75,4/27/2026 17:05,Rodrigo Herrera
266582,405597,SG3 SERVICE INC,15,75,4/27/2026 17:05,Rodrigo Herrera
266582,405601,SG3 SERVICE INC,15,75,4/27/2026 17:05,Rodrigo Herrera
264742,396492,GREEN TOW TRANSPORTATION,40,115,4/27/2026 17:06,Tyson Artis
264742,396494,GREEN TOW TRANSPORTATION,40,115,4/27/2026 17:06,Tyson Artis
264742,396495,GREEN TOW TRANSPORTATION,40,115,4/27/2026 17:06,Tyson Artis
264742,396496,GREEN TOW TRANSPORTATION,40,115,4/27/2026 17:06,Tyson Artis
264742,399484,GREEN TOW TRANSPORTATION,40,115,4/27/2026 17:06,Tyson Artis
264742,399486,GREEN TOW TRANSPORTATION,40,115,4/27/2026 17:06,Tyson Artis
264742,399487,GREEN TOW TRANSPORTATION,40,115,4/27/2026 17:06,Tyson Artis
265472,403567,ROYAL CARRIERS USA INC,0,200,4/27/2026 17:08,Rodrigo Herrera
265898,405284,DBN AUTO TRANSPORT,115,515,4/27/2026 17:10,Liza Kolodii
265023,402421,BRUKSTORE USA,-250,300,4/27/2026 17:17,Liza Kolodii
266597,405875,SDM TRANSPORT INC,120,520,4/27/2026 17:18,Liza Kolodii
265927,404540,ELEMENT TRANSPORTATION INC,95,495,4/27/2026 17:26,Illia Kovanko
267068,406348,ALIEN CORPORATION,30,190,4/27/2026 17:27,Illia Kovanko
267068,406676,ALIEN CORPORATION,30,190,4/27/2026 17:27,Illia Kovanko
265608,403781,LG EXPRESS INC,30,100,4/27/2026 17:35,Liza Kolodii
265608,403793,LG EXPRESS INC,30,100,4/27/2026 17:35,Liza Kolodii
265608,403804,LG EXPRESS INC,30,100,4/27/2026 17:35,Liza Kolodii
266257,405288,LNI ENTERPRISE LLC,30,125,4/27/2026 17:56,Rodrigo Herrera
266257,405290,LNI ENTERPRISE LLC,30,125,4/27/2026 17:56,Rodrigo Herrera
266257,405291,LNI ENTERPRISE LLC,30,125,4/27/2026 17:56,Rodrigo Herrera
266257,405292,LNI ENTERPRISE LLC,30,125,4/27/2026 17:56,Rodrigo Herrera
266257,405293,LNI ENTERPRISE LLC,30,125,4/27/2026 17:56,Rodrigo Herrera
266257,405294,LNI ENTERPRISE LLC,30,125,4/27/2026 17:56,Rodrigo Herrera
265857,404379,XPEL ONE INC,80,730,4/27/2026 18:00,Illia Kovanko
266996,403852,IBF TRANSPORTATION SPECIALISTS INC,-5,295,4/27/2026 18:02,Rodrigo Herrera
264844,402518,LG EXPRESS INC,30,100,4/27/2026 18:04,Liza Kolodii
264844,402520,LG EXPRESS INC,30,100,4/27/2026 18:04,Liza Kolodii
264844,402521,LG EXPRESS INC,30,100,4/27/2026 18:04,Liza Kolodii
264844,402526,LG EXPRESS INC,30,100,4/27/2026 18:04,Liza Kolodii
264844,402528,LG EXPRESS INC,30,100,4/27/2026 18:04,Liza Kolodii
264844,402564,LG EXPRESS INC,30,100,4/27/2026 18:04,Liza Kolodii
266587,405560,UCT LOGISTICS LLC,12,112,4/27/2026 18:09,Rodrigo Herrera
266587,405562,UCT LOGISTICS LLC,12,112,4/27/2026 18:09,Rodrigo Herrera
266587,405576,UCT LOGISTICS LLC,200,300,4/27/2026 18:09,Rodrigo Herrera
265351,403485,DTM AUTO GROUP LLC,-100,300,4/27/2026 18:11,Illia Kovanko
266930,406458,DAJANI AUTO HAULERS INC,25,95,4/27/2026 18:14,Liza Kolodii
266930,406480,DAJANI AUTO HAULERS INC,25,95,4/27/2026 18:14,Liza Kolodii
266065,405378,DAJANI AUTO HAULERS INC,15,85,4/27/2026 18:15,Liza Kolodii
266795,406022,DAJANI AUTO HAULERS INC,25,95,4/27/2026 18:16,Liza Kolodii
266795,406026,DAJANI AUTO HAULERS INC,25,95,4/27/2026 18:16,Liza Kolodii
266795,406028,DAJANI AUTO HAULERS INC,25,95,4/27/2026 18:16,Liza Kolodii
266795,407283,DAJANI AUTO HAULERS INC,25,95,4/27/2026 18:16,Liza Kolodii
266796,406046,DAJANI AUTO HAULERS INC,25,95,4/27/2026 18:17,Liza Kolodii
266796,406050,DAJANI AUTO HAULERS INC,25,95,4/27/2026 18:17,Liza Kolodii
266796,406054,DAJANI AUTO HAULERS INC,25,95,4/27/2026 18:17,Liza Kolodii
266796,407295,DAJANI AUTO HAULERS INC,25,95,4/27/2026 18:17,Liza Kolodii
267242,406847,DAJANI AUTO HAULERS INC,25,95,4/27/2026 18:18,Liza Kolodii
267242,406874,DAJANI AUTO HAULERS INC,25,95,4/27/2026 18:18,Liza Kolodii
267242,407159,DAJANI AUTO HAULERS INC,25,95,4/27/2026 18:18,Liza Kolodii
267242,407167,DAJANI AUTO HAULERS INC,25,95,4/27/2026 18:18,Liza Kolodii
267240,406858,DAJANI AUTO HAULERS INC,25,95,4/27/2026 18:19,Liza Kolodii
267240,406859,DAJANI AUTO HAULERS INC,130,250,4/27/2026 18:19,Liza Kolodii
267240,406873,DAJANI AUTO HAULERS INC,25,95,4/27/2026 18:19,Liza Kolodii
267243,407086,DAJANI AUTO HAULERS INC,25,95,4/27/2026 18:20,Liza Kolodii
267243,407092,DAJANI AUTO HAULERS INC,25,95,4/27/2026 18:20,Liza Kolodii
267243,407097,DAJANI AUTO HAULERS INC,25,95,4/27/2026 18:20,Liza Kolodii
267243,407098,DAJANI AUTO HAULERS INC,25,95,4/27/2026 18:20,Liza Kolodii
267245,407099,DAJANI AUTO HAULERS INC,25,95,4/27/2026 18:21,Liza Kolodii
267245,407100,DAJANI AUTO HAULERS INC,25,95,4/27/2026 18:21,Liza Kolodii
267245,407103,DAJANI AUTO HAULERS INC,25,95,4/27/2026 18:21,Liza Kolodii
267245,407120,DAJANI AUTO HAULERS INC,25,95,4/27/2026 18:21,Liza Kolodii
267400,407090,LG EXPRESS INC,20,85,4/27/2026 18:35,Liza Kolodii
267400,407108,LG EXPRESS INC,20,85,4/27/2026 18:35,Liza Kolodii
267400,407117,LG EXPRESS INC,20,85,4/27/2026 18:35,Liza Kolodii
267400,407139,LG EXPRESS INC,20,85,4/27/2026 18:35,Liza Kolodii
267400,407145,LG EXPRESS INC,20,85,4/27/2026 18:35,Liza Kolodii
267400,407147,LG EXPRESS INC,20,85,4/27/2026 18:35,Liza Kolodii
267400,407152,LG EXPRESS INC,20,85,4/27/2026 18:35,Liza Kolodii
267400,407153,LG EXPRESS INC,20,85,4/27/2026 18:35,Liza Kolodii
266571,405592,G&J ADMINISTRATION LLC,20,75,4/27/2026 18:36,Rodrigo Herrera
266571,405609,G&J ADMINISTRATION LLC,20,75,4/27/2026 18:36,Rodrigo Herrera
266571,405613,G&J ADMINISTRATION LLC,20,75,4/27/2026 18:36,Rodrigo Herrera
267302,407150,J MACK'S TRUCKING LLC,20,80,4/27/2026 18:37,Liza Kolodii
267302,407156,J MACK'S TRUCKING LLC,20,80,4/27/2026 18:37,Liza Kolodii
267302,407160,J MACK'S TRUCKING LLC,20,80,4/27/2026 18:37,Liza Kolodii
267302,407169,J MACK'S TRUCKING LLC,20,80,4/27/2026 18:37,Liza Kolodii
266570,405575,G&J ADMINISTRATION LLC,20,75,4/27/2026 18:40,Rodrigo Herrera
266570,405606,G&J ADMINISTRATION LLC,20,75,4/27/2026 18:40,Rodrigo Herrera
266570,405614,G&J ADMINISTRATION LLC,20,75,4/27/2026 18:40,Rodrigo Herrera
266572,405537,G&J ADMINISTRATION LLC,20,75,4/27/2026 18:41,Rodrigo Herrera
266572,405608,G&J ADMINISTRATION LLC,20,75,4/27/2026 18:41,Rodrigo Herrera
266572,405611,G&J ADMINISTRATION LLC,20,75,4/27/2026 18:41,Rodrigo Herrera
266574,405517,G&J ADMINISTRATION LLC,20,75,4/27/2026 18:41,Rodrigo Herrera
266574,405518,G&J ADMINISTRATION LLC,20,75,4/27/2026 18:41,Rodrigo Herrera
266574,405519,G&J ADMINISTRATION LLC,20,75,4/27/2026 18:41,Rodrigo Herrera
267203,405541,G&J ADMINISTRATION LLC,20,75,4/27/2026 18:41,Rodrigo Herrera
267203,405630,G&J ADMINISTRATION LLC,20,75,4/27/2026 18:41,Rodrigo Herrera
267203,407172,G&J ADMINISTRATION LLC,20,75,4/27/2026 18:41,Rodrigo Herrera
266797,405382,BLUEFACE EXPRESS LLC,15,95,4/27/2026 18:43,Liza Kolodii
267234,407136,GUERRERO 1 LOGISTICS INC,25,80,4/27/2026 18:48,Liza Kolodii
267234,407144,GUERRERO 1 LOGISTICS INC,25,80,4/27/2026 18:48,Liza Kolodii
265995,404708,2GO HAULER LLC,55,180,4/27/2026 19:05,Ryan Glover
267079,406669,ROYAL CARRIERS USA INC,60,200,4/27/2026 19:23,Rodrigo Herrera
267079,406670,ROYAL CARRIERS USA INC,60,200,4/27/2026 19:23,Rodrigo Herrera
267079,406673,ROYAL CARRIERS USA INC,60,200,4/27/2026 19:23,Rodrigo Herrera
267665,407654,BROS. BROOKLYN TOWING AND TRANSPORT LLC,85,195,4/27/2026 19:45,Rodrigo Herrera
267023,404363,BROS. BROOKLYN TOWING AND TRANSPORT LLC,95,195,4/27/2026 19:47,Rodrigo Herrera
265626,403994,AVT LOGISTICS LLC,0,300,4/27/2026 20:05,Illia Kovanko
267024,406642,BROS. BROOKLYN TOWING AND TRANSPORT LLC,81.66,195,4/27/2026 20:24,Rodrigo Herrera
267024,406643,BROS. BROOKLYN TOWING AND TRANSPORT LLC,81.67,195,4/27/2026 20:24,Rodrigo Herrera
267024,406644,BROS. BROOKLYN TOWING AND TRANSPORT LLC,81.67,195,4/27/2026 20:24,Rodrigo Herrera
266436,405556,TWO STREET TRUCKING LLC,15,100,4/27/2026 20:47,Rodrigo Herrera
266436,405598,TWO STREET TRUCKING LLC,15,100,4/27/2026 20:47,Rodrigo Herrera
266436,405599,TWO STREET TRUCKING LLC,15,100,4/27/2026 20:47,Rodrigo Herrera
266436,405604,TWO STREET TRUCKING LLC,15,100,4/27/2026 20:47,Rodrigo Herrera
266436,405632,TWO STREET TRUCKING LLC,15,100,4/27/2026 20:47,Rodrigo Herrera
262182,397916,"WEST COAST CARGO, INC.",-395,1505,4/27/2026 21:58,Rodrigo Herrera
260460,394415,MCTSPOT LLC,-100,350,4/27/2026 22:26,Ryan Glover
260460,394416,MCTSPOT LLC,-100,350,4/27/2026 22:26,Ryan Glover
267106,406739,SANDS LOGISTICS INC,65,540,4/27/2026 22:31,Illia Kovanko
267244,406979,ALIEN CORPORATION,125,450,4/28/2026 00:20,Illia Kovanko
267052,406679,V&S GROUP LLC,25,650,4/28/2026 00:47,Illia Kovanko
264796,402257,GNP LOGISTICS LLC,-20,130,4/28/2026 00:54,Rodrigo Herrera
264796,402267,GNP LOGISTICS LLC,-20,130,4/28/2026 00:54,Rodrigo Herrera
264796,402271,GNP LOGISTICS LLC,-20,130,4/28/2026 00:54,Rodrigo Herrera
264796,402274,GNP LOGISTICS LLC,-20,130,4/28/2026 00:54,Rodrigo Herrera
264796,402276,GNP LOGISTICS LLC,-20,130,4/28/2026 00:54,Rodrigo Herrera
264796,402278,GNP LOGISTICS LLC,-20,130,4/28/2026 00:54,Rodrigo Herrera
266339,405453,ROADPRO LLC,100,350,4/28/2026 01:11,Rodrigo Herrera
266339,405455,ROADPRO LLC,100,350,4/28/2026 01:11,Rodrigo Herrera
266339,405457,ROADPRO LLC,100,350,4/28/2026 01:11,Rodrigo Herrera
266339,405458,ROADPRO LLC,100,350,4/28/2026 01:11,Rodrigo Herrera
266339,405460,ROADPRO LLC,100,350,4/28/2026 01:11,Rodrigo Herrera
266339,405462,ROADPRO LLC,100,350,4/28/2026 01:11,Rodrigo Herrera
266339,406415,ROADPRO LLC,100,350,4/28/2026 01:11,Rodrigo Herrera
266339,407804,ROADPRO LLC,100,350,4/28/2026 01:11,Rodrigo Herrera
266085,404663,ELBS TRANSPORTATION SERVICES INC,100,650,4/28/2026 03:48,Liza Kolodii
265734,404010,ELBS TRANSPORTATION SERVICES INC,175,625,4/28/2026 03:51,Illia Kovanko
263238,399840,MILIVA INC,-140,410,4/28/2026 07:24,Illia Kovanko
265645,404018,ORISG LLC,35,260,4/28/2026 08:06,Illia Kovanko
263586,398046,"BCB TRUCKING, LLC",-50,300,4/28/2026 08:08,Ryan Glover
266170,405176,JJS HAULING LLC,75,300,4/28/2026 08:36,Rodrigo Herrera
266170,405177,JJS HAULING LLC,75,300,4/28/2026 08:36,Rodrigo Herrera
265599,403524,TOWMASTERS SERVICES K&E LLC,75,195,4/28/2026 08:38,Rodrigo Herrera
267227,404351,ED TRANSPORTSS LLC,0,400,4/28/2026 09:12,Tyson Artis
267227,404354,ED TRANSPORTSS LLC,0,400,4/28/2026 09:12,Tyson Artis
267227,404355,ED TRANSPORTSS LLC,0,400,4/28/2026 09:12,Tyson Artis
266804,401998,ELBS TRANSPORTATION SERVICES INC,-150,500,4/28/2026 09:22,Illia Kovanko
266828,406311,GLOBEKS CORP,85,635,4/28/2026 09:28,Illia Kovanko
265586,396483,M & K TOWING AND RECOVERY LLC,-30,195,4/28/2026 09:30,Ryan Glover
265584,396482,M & K TOWING AND RECOVERY LLC,-30,195,4/28/2026 09:31,Ryan Glover
266761,406130,V&S GROUP LLC,0,550,4/28/2026 09:31,Illia Kovanko
266966,406536,ALIEN CORPORATION,120,520,4/28/2026 09:47,Illia Kovanko
266268,405298,AG LOGISTICS LLC,50,525,4/28/2026 09:58,Illia Kovanko
266268,405299,AG LOGISTICS LLC,50,525,4/28/2026 09:58,Illia Kovanko
266268,405301,AG LOGISTICS LLC,50,525,4/28/2026 09:58,Illia Kovanko
266268,405303,AG LOGISTICS LLC,50,525,4/28/2026 09:58,Illia Kovanko
266268,405304,AG LOGISTICS LLC,50,525,4/28/2026 09:58,Illia Kovanko
266268,405306,AG LOGISTICS LLC,50,525,4/28/2026 09:58,Illia Kovanko
266268,405308,AG LOGISTICS LLC,50,525,4/28/2026 09:58,Illia Kovanko
264487,401747,GQ LINE LLC,-20,605,4/28/2026 10:17,Illia Kovanko
267271,406976,SMTE LLC,20,100,4/28/2026 10:17,Tyson Artis
267271,406999,SMTE LLC,20,100,4/28/2026 10:17,Tyson Artis
267271,407004,SMTE LLC,20,100,4/28/2026 10:17,Tyson Artis
267271,407006,SMTE LLC,20,100,4/28/2026 10:17,Tyson Artis
267271,407007,SMTE LLC,20,100,4/28/2026 10:17,Tyson Artis
264941,402217,LEMBERG TRANS LLC,16.66,550,4/28/2026 10:21,Illia Kovanko
264941,403397,LEMBERG TRANS LLC,-48.33,485,4/28/2026 10:21,Illia Kovanko
264941,404542,LEMBERG TRANS LLC,-8.33,525,4/28/2026 10:21,Illia Kovanko
267142,406784,FALCON 8 LLC,250,850,4/28/2026 10:21,Liza Kolodii
267142,406793,FALCON 8 LLC,200,700,4/28/2026 10:21,Liza Kolodii
266646,401710,AN CAR TRANSPORT LLC,-20,130,4/28/2026 10:39,Tyson Artis
267152,402204,CLEVELAND AUTO TRANSPORT LLC,-75,675,4/28/2026 10:51,Illia Kovanko
266993,406618,CAPITAL AUTO CARRIERS LLC,10,110,4/28/2026 10:54,Rodrigo Herrera
266993,406619,CAPITAL AUTO CARRIERS LLC,10,110,4/28/2026 10:54,Rodrigo Herrera
266993,406620,CAPITAL AUTO CARRIERS LLC,10,110,4/28/2026 10:54,Rodrigo Herrera
266993,406621,CAPITAL AUTO CARRIERS LLC,10,110,4/28/2026 10:54,Rodrigo Herrera
266993,406622,CAPITAL AUTO CARRIERS LLC,10,110,4/28/2026 10:54,Rodrigo Herrera
266993,406624,CAPITAL AUTO CARRIERS LLC,10,110,4/28/2026 10:54,Rodrigo Herrera
266993,406625,CAPITAL AUTO CARRIERS LLC,10,110,4/28/2026 10:54,Rodrigo Herrera
266993,406626,CAPITAL AUTO CARRIERS LLC,10,110,4/28/2026 10:54,Rodrigo Herrera
265560,403716,CLEVELAND AUTO TRANSPORT LLC,141.66,650,4/28/2026 10:55,Illia Kovanko
265560,404565,CLEVELAND AUTO TRANSPORT LLC,141.67,650,4/28/2026 10:55,Illia Kovanko
265560,404571,CLEVELAND AUTO TRANSPORT LLC,141.67,650,4/28/2026 10:55,Illia Kovanko
266717,405790,AOT CARRIERS LLC,0,690,4/28/2026 10:55,Illia Kovanko
266052,404764,OK AUTO TRANSPORT CORP,95,495,4/28/2026 11:00,Rodrigo Herrera
266052,404765,OK AUTO TRANSPORT CORP,95,495,4/28/2026 11:00,Rodrigo Herrera
266653,405836,GQ LINE LLC,75,675,4/28/2026 11:05,Liza Kolodii
267215,405641,JR EXPRESS TRANSPORTATION LLC,60,200,4/28/2026 11:07,Rodrigo Herrera
267215,406887,JR EXPRESS TRANSPORTATION LLC,55,195,4/28/2026 11:07,Rodrigo Herrera
267215,406893,JR EXPRESS TRANSPORTATION LLC,55,195,4/28/2026 11:07,Rodrigo Herrera
266774,406236,JRO TRANSPORT LLC,45,170,4/28/2026 11:15,Rodrigo Herrera
266774,406243,JRO TRANSPORT LLC,45,170,4/28/2026 11:15,Rodrigo Herrera
266774,406245,JRO TRANSPORT LLC,45,170,4/28/2026 11:15,Rodrigo Herrera
266108,404778,ELBS TRANSPORTATION SERVICES INC,50,650,4/28/2026 11:31,Liza Kolodii
264918,402794,1611 TRANSPORTATION INC,-66,1184,4/28/2026 11:33,Tyson Artis
264748,402028,AMERICAN LOGISTICS PRIME LINE INC,-215,355,4/28/2026 11:34,Illia Kovanko
266790,404752,Y & J AUTO LLC,110,510,4/28/2026 11:46,Illia Kovanko
266778,406036,BLACK PROOF INC,15,85,4/28/2026 11:51,Liza Kolodii
266778,406052,BLACK PROOF INC,15,85,4/28/2026 11:51,Liza Kolodii
266778,406053,BLACK PROOF INC,15,85,4/28/2026 11:51,Liza Kolodii
266778,406066,BLACK PROOF INC,15,85,4/28/2026 11:51,Liza Kolodii
266778,406073,BLACK PROOF INC,15,85,4/28/2026 11:51,Liza Kolodii
266778,406074,BLACK PROOF INC,15,85,4/28/2026 11:51,Liza Kolodii
266778,406079,BLACK PROOF INC,15,85,4/28/2026 11:51,Liza Kolodii
263967,398485,JIMS AUTOMOTIVE TRANSPORTS LLC,65,300,4/28/2026 11:57,Ryan Glover
265786,404270,AMERICAN LOGISTICS PRIME LINE INC,310,1610,4/28/2026 12:00,Liza Kolodii
267754,404667,TOWMASTERS SERVICES K&E LLC,25,150,4/28/2026 12:00,Rodrigo Herrera
266836,404924,J MACK'S TRUCKING LLC,15,85,4/28/2026 12:02,Liza Kolodii
266836,405369,J MACK'S TRUCKING LLC,15,85,4/28/2026 12:02,Liza Kolodii
266836,405375,J MACK'S TRUCKING LLC,15,85,4/28/2026 12:02,Liza Kolodii
266836,405377,J MACK'S TRUCKING LLC,15,85,4/28/2026 12:02,Liza Kolodii
266836,405996,J MACK'S TRUCKING LLC,15,85,4/28/2026 12:02,Liza Kolodii
265362,401193,JIMS AUTOMOTIVE TRANSPORTS LLC,65,300,4/28/2026 12:03,Ryan Glover
265426,403603,INEVITABLE TRANSPORTATION LLC,10,210,4/28/2026 12:04,Liza Kolodii
265426,403621,INEVITABLE TRANSPORTATION LLC,10,210,4/28/2026 12:04,Liza Kolodii
265426,403624,INEVITABLE TRANSPORTATION LLC,10,210,4/28/2026 12:04,Liza Kolodii
265426,404527,INEVITABLE TRANSPORTATION LLC,-30,170,4/28/2026 12:04,Liza Kolodii
265426,405850,INEVITABLE TRANSPORTATION LLC,-30,170,4/28/2026 12:04,Liza Kolodii
265426,406271,INEVITABLE TRANSPORTATION LLC,-30,170,4/28/2026 12:04,Liza Kolodii
265426,406275,INEVITABLE TRANSPORTATION LLC,-30,170,4/28/2026 12:04,Liza Kolodii
260802,395446,BY GRACE TOWING LLC,15,315,4/28/2026 12:17,Tyson Artis
267086,406160,FALCON WAY INC,10,160,4/28/2026 12:18,Rodrigo Herrera
267086,406166,FALCON WAY INC,10,160,4/28/2026 12:18,Rodrigo Herrera
267086,406167,FALCON WAY INC,10,160,4/28/2026 12:18,Rodrigo Herrera
267086,406169,FALCON WAY INC,10,160,4/28/2026 12:18,Rodrigo Herrera
267086,406170,FALCON WAY INC,10,160,4/28/2026 12:18,Rodrigo Herrera
267086,406174,FALCON WAY INC,10,160,4/28/2026 12:18,Rodrigo Herrera
267086,406178,FALCON WAY INC,10,160,4/28/2026 12:18,Rodrigo Herrera
267086,406179,FALCON WAY INC,10,160,4/28/2026 12:18,Rodrigo Herrera
267086,406185,FALCON WAY INC,10,160,4/28/2026 12:18,Rodrigo Herrera
265444,400048,LYNX AUTO TRANSPORT LLC,60,300,4/28/2026 12:18,Illia Kovanko
266735,406094,V&S GROUP LLC,-10,500,4/28/2026 12:18,Illia Kovanko
266735,406388,V&S GROUP LLC,40,550,4/28/2026 12:18,Illia Kovanko
264578,402174,BY GRACE TOWING LLC,15,315,4/28/2026 12:20,Tyson Artis
266851,405999,LG EXPRESS INC,25,95,4/28/2026 12:21,Liza Kolodii
266851,406002,LG EXPRESS INC,25,95,4/28/2026 12:21,Liza Kolodii
266851,406004,LG EXPRESS INC,25,95,4/28/2026 12:21,Liza Kolodii
266851,406075,LG EXPRESS INC,25,95,4/28/2026 12:21,Liza Kolodii
267397,402836,"CAR PULL,INC.",5,85,4/28/2026 12:22,Rodrigo Herrera
267397,402861,"CAR PULL,INC.",5,85,4/28/2026 12:22,Rodrigo Herrera
267397,404994,"CAR PULL,INC.",5,85,4/28/2026 12:22,Rodrigo Herrera
267397,407179,"CAR PULL,INC.",5,85,4/28/2026 12:22,Rodrigo Herrera
267397,407192,"CAR PULL,INC.",5,85,4/28/2026 12:22,Rodrigo Herrera
267397,407195,"CAR PULL,INC.",5,85,4/28/2026 12:22,Rodrigo Herrera
267397,407197,"CAR PULL,INC.",5,85,4/28/2026 12:22,Rodrigo Herrera
267397,407200,"CAR PULL,INC.",5,85,4/28/2026 12:22,Rodrigo Herrera
262307,398089,REDKOR TRANSPORT LLC,-25,475,4/28/2026 12:23,Ryan Glover
266224,404966,MELNIKS AUTOMOTIVE LLC,-96,179,4/28/2026 12:25,Ryan Glover
267479,407526,DEWAYNE WALKER,5,80,4/28/2026 12:29,Tyson Artis
267479,407527,DEWAYNE WALKER,5,80,4/28/2026 12:29,Tyson Artis
267479,407528,DEWAYNE WALKER,5,80,4/28/2026 12:29,Tyson Artis
266645,403721,LYNX AUTO TRANSPORT LLC,75,300,4/28/2026 12:30,Illia Kovanko
266645,403722,LYNX AUTO TRANSPORT LLC,75,300,4/28/2026 12:30,Illia Kovanko
266938,406461,DAJANI AUTO HAULERS INC,25,80,4/28/2026 12:43,Liza Kolodii
266938,406463,DAJANI AUTO HAULERS INC,25,80,4/28/2026 12:43,Liza Kolodii
266938,406465,DAJANI AUTO HAULERS INC,25,80,4/28/2026 12:43,Liza Kolodii
266938,406466,DAJANI AUTO HAULERS INC,25,80,4/28/2026 12:43,Liza Kolodii
266939,406479,DAJANI AUTO HAULERS INC,25,80,4/28/2026 12:45,Liza Kolodii
266939,406481,DAJANI AUTO HAULERS INC,25,80,4/28/2026 12:45,Liza Kolodii
266591,405536,BUMBLE AUTO BROKERS LLC,12,112,4/28/2026 12:47,Rodrigo Herrera
266591,405550,BUMBLE AUTO BROKERS LLC,12,112,4/28/2026 12:47,Rodrigo Herrera
266591,405557,BUMBLE AUTO BROKERS LLC,12,112,4/28/2026 12:47,Rodrigo Herrera
267223,406266,TOWMASTERS SERVICES K&E LLC,45,170,4/28/2026 12:48,Rodrigo Herrera
267223,406947,TOWMASTERS SERVICES K&E LLC,45,170,4/28/2026 12:48,Rodrigo Herrera
267223,407055,TOWMASTERS SERVICES K&E LLC,45,170,4/28/2026 12:48,Rodrigo Herrera
262987,399451,1ST CHOICE RECOVERY LLC,15,235,4/28/2026 12:54,Ryan Glover
266937,406435,DAJANI AUTO HAULERS INC,25,80,4/28/2026 12:54,Liza Kolodii
266937,406439,DAJANI AUTO HAULERS INC,25,80,4/28/2026 12:54,Liza Kolodii
266937,406441,DAJANI AUTO HAULERS INC,25,80,4/28/2026 12:54,Liza Kolodii
266937,406447,DAJANI AUTO HAULERS INC,25,80,4/28/2026 12:54,Liza Kolodii
266936,406427,DAJANI AUTO HAULERS INC,25,80,4/28/2026 12:55,Liza Kolodii
266936,406428,DAJANI AUTO HAULERS INC,25,80,4/28/2026 12:55,Liza Kolodii
266936,406430,DAJANI AUTO HAULERS INC,25,80,4/28/2026 12:55,Liza Kolodii
266936,407835,DAJANI AUTO HAULERS INC,25,80,4/28/2026 12:55,Liza Kolodii
266174,405181,JJS HAULING LLC,75,300,4/28/2026 12:56,Rodrigo Herrera
266970,406494,MCTSPOT LLC,75,245,4/28/2026 12:57,Liza Kolodii
266970,406501,MCTSPOT LLC,75,245,4/28/2026 12:57,Liza Kolodii
266970,406502,MCTSPOT LLC,75,245,4/28/2026 12:57,Liza Kolodii
263631,396519,BY GRACE TOWING LLC,-55,195,4/28/2026 12:58,Tyson Artis
263675,400509,TB2 EXPRESS CORP,0,825,4/28/2026 13:05,Liza Kolodii
266378,405352,AMERICAN TRANSPORT LOGISTICS LLC,50,825,4/28/2026 13:14,Illia Kovanko
266378,406369,AMERICAN TRANSPORT LOGISTICS LLC,25,800,4/28/2026 13:14,Illia Kovanko
266378,407575,AMERICAN TRANSPORT LOGISTICS LLC,50,825,4/28/2026 13:14,Illia Kovanko
267123,401187,DV PANAMERICA LLC,45,395,4/28/2026 13:16,Illia Kovanko
261142,395907,KC & ZZ TRANSPORTATION LLC,0,285,4/28/2026 13:17,Ryan Glover
266642,404041,MAV TRANSPORTATION LLC,180,250,4/28/2026 13:21,Liza Kolodii
266642,405379,MAV TRANSPORTATION LLC,15,85,4/28/2026 13:21,Liza Kolodii
266642,405388,MAV TRANSPORTATION LLC,15,85,4/28/2026 13:21,Liza Kolodii
266642,405998,MAV TRANSPORTATION LLC,15,85,4/28/2026 13:21,Liza Kolodii
266642,408570,MAV TRANSPORTATION LLC,15,85,4/28/2026 13:21,Liza Kolodii
265685,404051,MAV TRANSPORTATION LLC,20,85,4/28/2026 13:21,Liza Kolodii
265685,404053,MAV TRANSPORTATION LLC,20,85,4/28/2026 13:21,Liza Kolodii
265685,404054,MAV TRANSPORTATION LLC,20,85,4/28/2026 13:21,Liza Kolodii
265685,404055,MAV TRANSPORTATION LLC,20,85,4/28/2026 13:21,Liza Kolodii
265685,404056,MAV TRANSPORTATION LLC,20,85,4/28/2026 13:21,Liza Kolodii
265685,404106,MAV TRANSPORTATION LLC,20,85,4/28/2026 13:21,Liza Kolodii
265685,408345,MAV TRANSPORTATION LLC,20,85,4/28/2026 13:21,Liza Kolodii
266943,405062,BRUKSTORE USA,-40,360,4/28/2026 13:28,Liza Kolodii
264304,401589,KC & ZZ TRANSPORTATION LLC,-15,285,4/28/2026 13:28,Ryan Glover
266134,402163,RARE EARTH LOGISTICS LLC,25,325,4/28/2026 13:32,Illia Kovanko
265885,404393,"WEST COAST CARGO, INC.",475,1875,4/28/2026 13:36,Liza Kolodii
265691,404137,HTL AUTO TRANSPORT INC,-55.34,587.5,4/28/2026 13:38,Tyson Artis
265691,404138,HTL AUTO TRANSPORT INC,-55.36,587.5,4/28/2026 13:38,Tyson Artis
265691,404139,HTL AUTO TRANSPORT INC,-55.36,587.5,4/28/2026 13:38,Tyson Artis
265691,404141,HTL AUTO TRANSPORT INC,-55.36,587.5,4/28/2026 13:38,Tyson Artis
265691,404142,HTL AUTO TRANSPORT INC,-55.36,587.5,4/28/2026 13:38,Tyson Artis
265691,404143,HTL AUTO TRANSPORT INC,-55.36,587.5,4/28/2026 13:38,Tyson Artis
265691,404144,HTL AUTO TRANSPORT INC,-55.36,587.5,4/28/2026 13:38,Tyson Artis
266249,405282,LIMA LEASE INC,1,1,4/28/2026 13:39,Illia Kovanko
266027,402987,A&A AUTOMOTIVE LLC,150,375,4/28/2026 13:40,Ryan Glover
266027,402988,A&A AUTOMOTIVE LLC,150,375,4/28/2026 13:40,Ryan Glover
266027,402989,A&A AUTOMOTIVE LLC,150,375,4/28/2026 13:40,Ryan Glover
266027,402990,A&A AUTOMOTIVE LLC,150,375,4/28/2026 13:40,Ryan Glover
266027,403694,A&A AUTOMOTIVE LLC,150,375,4/28/2026 13:40,Ryan Glover
265745,402696,DOUBLE J&K TRANSPORT LLC,-75,225,4/28/2026 13:41,Ryan Glover
266508,404172,HTL AUTO TRANSPORT INC,28.57,671.43,4/28/2026 13:43,Tyson Artis
266508,404173,HTL AUTO TRANSPORT INC,28.57,671.43,4/28/2026 13:43,Tyson Artis
266508,404174,HTL AUTO TRANSPORT INC,28.57,671.43,4/28/2026 13:43,Tyson Artis
266508,404175,HTL AUTO TRANSPORT INC,28.57,671.43,4/28/2026 13:43,Tyson Artis
266508,404176,HTL AUTO TRANSPORT INC,28.57,671.43,4/28/2026 13:43,Tyson Artis
266508,404177,HTL AUTO TRANSPORT INC,28.58,671.43,4/28/2026 13:43,Tyson Artis
266508,404178,HTL AUTO TRANSPORT INC,28.57,671.42,4/28/2026 13:43,Tyson Artis
265171,403083,NR TRAVEL CORPORATION,-155,415,4/28/2026 13:54,Liza Kolodii
266862,406161,MOV MY CAR LLC,-30.85,140,4/28/2026 13:55,Rodrigo Herrera
266862,406176,MOV MY CAR LLC,204.17,375,4/28/2026 13:55,Rodrigo Herrera
266862,406565,MOV MY CAR LLC,-30.83,140,4/28/2026 13:55,Rodrigo Herrera
266862,406896,MOV MY CAR LLC,-30.83,140,4/28/2026 13:55,Rodrigo Herrera
266862,407227,MOV MY CAR LLC,-30.83,140,4/28/2026 13:55,Rodrigo Herrera
266862,407230,MOV MY CAR LLC,-30.83,140,4/28/2026 13:55,Rodrigo Herrera
267404,407350,LG EXPRESS INC,70,150,4/28/2026 13:59,Liza Kolodii
267238,407242,ALGA FREIGHT COMPANY,100,500,4/28/2026 14:01,Illia Kovanko
267238,407243,ALGA FREIGHT COMPANY,100,500,4/28/2026 14:01,Illia Kovanko
267238,407244,ALGA FREIGHT COMPANY,100,500,4/28/2026 14:01,Illia Kovanko
267238,407245,ALGA FREIGHT COMPANY,100,500,4/28/2026 14:01,Illia Kovanko
267238,407246,ALGA FREIGHT COMPANY,100,500,4/28/2026 14:01,Illia Kovanko
266821,398574,LG EXPRESS INC,65,165,4/28/2026 14:11,Liza Kolodii
266821,406019,LG EXPRESS INC,65,165,4/28/2026 14:11,Liza Kolodii
266821,406021,LG EXPRESS INC,65,165,4/28/2026 14:11,Liza Kolodii
265602,403777,LG EXPRESS INC,65,165,4/28/2026 14:13,Liza Kolodii
265602,403779,LG EXPRESS INC,65,165,4/28/2026 14:13,Liza Kolodii
265602,403784,LG EXPRESS INC,65,165,4/28/2026 14:13,Liza Kolodii
265602,403810,LG EXPRESS INC,150,350,4/28/2026 14:13,Liza Kolodii
262493,398423,RND SAFE CARGO INC,-86.66,580,4/28/2026 14:19,Illia Kovanko
262493,398424,RND SAFE CARGO INC,-86.67,580,4/28/2026 14:19,Illia Kovanko
262493,398425,RND SAFE CARGO INC,-86.67,580,4/28/2026 14:19,Illia Kovanko
263845,400692,VB AUTO GROUP INC,265,1565,4/28/2026 14:21,Liza Kolodii
266579,405524,OSCAR ANTONIO ABRIGO,15,75,4/28/2026 14:23,Rodrigo Herrera
266579,405525,OSCAR ANTONIO ABRIGO,15,75,4/28/2026 14:23,Rodrigo Herrera
264683,402220,LADA TRANS INC,0,600,4/28/2026 14:29,Liza Kolodii
266332,405349,RND SAFE CARGO INC,50,725,4/28/2026 14:39,Illia Kovanko
265591,403818,LG EXPRESS INC,30,150,4/28/2026 14:44,Liza Kolodii
265591,404100,LG EXPRESS INC,30,150,4/28/2026 14:44,Liza Kolodii
265591,404886,LG EXPRESS INC,30,150,4/28/2026 14:44,Liza Kolodii
265591,404910,LG EXPRESS INC,30,150,4/28/2026 14:44,Liza Kolodii
265591,406023,LG EXPRESS INC,30,150,4/28/2026 14:44,Liza Kolodii
265591,406029,LG EXPRESS INC,30,150,4/28/2026 14:44,Liza Kolodii
265591,406030,LG EXPRESS INC,30,150,4/28/2026 14:44,Liza Kolodii
263104,399289,VVS GROUP INC,-160,415,4/28/2026 14:45,Illia Kovanko
265544,399606,GEOSUN CORP,-110,440,4/28/2026 14:50,Liza Kolodii
267458,407531,DEWAYNE WALKER,5,80,4/28/2026 14:51,Tyson Artis
267458,407532,DEWAYNE WALKER,5,80,4/28/2026 14:51,Tyson Artis
267458,407534,DEWAYNE WALKER,5,80,4/28/2026 14:51,Tyson Artis
265337,403472,GQ LINE LLC,-75,375,4/28/2026 14:56,Illia Kovanko
267608,407692,SG3 SERVICE INC,12,112,4/28/2026 14:59,Rodrigo Herrera
267608,407702,SG3 SERVICE INC,12,112,4/28/2026 14:59,Rodrigo Herrera
267608,407703,SG3 SERVICE INC,12,112,4/28/2026 14:59,Rodrigo Herrera
267050,406530,PERFORMANCE TRANSPORT LLC,10,85,4/28/2026 15:10,Rodrigo Herrera
267050,406531,PERFORMANCE TRANSPORT LLC,10,85,4/28/2026 15:10,Rodrigo Herrera
267050,406532,PERFORMANCE TRANSPORT LLC,10,85,4/28/2026 15:10,Rodrigo Herrera
267050,406533,PERFORMANCE TRANSPORT LLC,10,85,4/28/2026 15:10,Rodrigo Herrera
267050,406534,PERFORMANCE TRANSPORT LLC,10,85,4/28/2026 15:10,Rodrigo Herrera
267050,406537,PERFORMANCE TRANSPORT LLC,10,85,4/28/2026 15:10,Rodrigo Herrera
267050,406539,PERFORMANCE TRANSPORT LLC,10,85,4/28/2026 15:10,Rodrigo Herrera
267050,406541,PERFORMANCE TRANSPORT LLC,10,85,4/28/2026 15:10,Rodrigo Herrera
266771,405436,JRO TRANSPORT LLC,45,170,4/28/2026 15:21,Rodrigo Herrera
266771,405437,JRO TRANSPORT LLC,45,170,4/28/2026 15:21,Rodrigo Herrera
266771,406222,JRO TRANSPORT LLC,45,170,4/28/2026 15:21,Rodrigo Herrera
267075,406406,APRIL & RUDY'S TRANSPORT LLC,5,125,4/28/2026 15:22,Rodrigo Herrera
266787,405761,MAV TRANSPORTATION LLC,30,95,4/28/2026 15:22,Liza Kolodii
267365,407370,VVS GROUP INC,15,1115,4/28/2026 15:24,Illia Kovanko
266143,406027,DAJANI AUTO HAULERS INC,135,225,4/28/2026 15:35,Liza Kolodii
266143,406034,DAJANI AUTO HAULERS INC,15,70,4/28/2026 15:35,Liza Kolodii
266143,406038,DAJANI AUTO HAULERS INC,15,70,4/28/2026 15:35,Liza Kolodii
266143,406060,DAJANI AUTO HAULERS INC,15,70,4/28/2026 15:35,Liza Kolodii
266143,406503,DAJANI AUTO HAULERS INC,15,70,4/28/2026 15:35,Liza Kolodii
266932,406437,DAJANI AUTO HAULERS INC,25,80,4/28/2026 15:36,Liza Kolodii
266932,406464,DAJANI AUTO HAULERS INC,25,80,4/28/2026 15:36,Liza Kolodii
266932,406474,DAJANI AUTO HAULERS INC,25,80,4/28/2026 15:36,Liza Kolodii
266932,406477,DAJANI AUTO HAULERS INC,25,80,4/28/2026 15:36,Liza Kolodii
266931,406457,DAJANI AUTO HAULERS INC,25,80,4/28/2026 15:37,Liza Kolodii
266931,406459,DAJANI AUTO HAULERS INC,25,80,4/28/2026 15:37,Liza Kolodii
266931,406471,DAJANI AUTO HAULERS INC,25,80,4/28/2026 15:37,Liza Kolodii
266931,406475,DAJANI AUTO HAULERS INC,25,80,4/28/2026 15:37,Liza Kolodii
260004,392475,Y & J AUTO LLC,-35,415,4/28/2026 15:38,Illia Kovanko
267719,403146,LG EXPRESS INC,45,125,4/28/2026 15:46,Liza Kolodii
267719,403155,LG EXPRESS INC,45,125,4/28/2026 15:46,Liza Kolodii
267719,407123,LG EXPRESS INC,45,125,4/28/2026 15:46,Liza Kolodii
267719,407124,LG EXPRESS INC,45,125,4/28/2026 15:46,Liza Kolodii
267719,407151,LG EXPRESS INC,45,125,4/28/2026 15:46,Liza Kolodii
265453,403568,DV PANAMERICA LLC,0,750,4/28/2026 15:49,Illia Kovanko
267216,406904,JR EXPRESS TRANSPORTATION LLC,40,165,4/28/2026 15:50,Rodrigo Herrera
267216,406922,JR EXPRESS TRANSPORTATION LLC,40,165,4/28/2026 15:50,Rodrigo Herrera
267216,406936,JR EXPRESS TRANSPORTATION LLC,40,165,4/28/2026 15:50,Rodrigo Herrera
266676,403045,SUPER-SET TRANSPORT LLC,-37.5,200,4/28/2026 15:59,Tyson Artis
266676,406678,SUPER-SET TRANSPORT LLC,-37.5,200,4/28/2026 15:59,Tyson Artis
266929,406438,BLACK PROOF INC,15,85,4/28/2026 16:00,Liza Kolodii
266929,406440,BLACK PROOF INC,15,85,4/28/2026 16:00,Liza Kolodii
266929,406445,BLACK PROOF INC,15,85,4/28/2026 16:00,Liza Kolodii
266929,406446,BLACK PROOF INC,15,85,4/28/2026 16:00,Liza Kolodii
266929,406468,BLACK PROOF INC,15,85,4/28/2026 16:00,Liza Kolodii
266929,406484,BLACK PROOF INC,15,85,4/28/2026 16:00,Liza Kolodii
267218,406559,JR EXPRESS TRANSPORTATION LLC,40,165,4/28/2026 16:01,Rodrigo Herrera
267218,407182,JR EXPRESS TRANSPORTATION LLC,40,165,4/28/2026 16:01,Rodrigo Herrera
267218,407189,JR EXPRESS TRANSPORTATION LLC,40,165,4/28/2026 16:01,Rodrigo Herrera
267126,406742,FEDERAL AUTO TRANSPORT LLC,10,150,4/28/2026 16:05,Tyson Artis
267126,406743,FEDERAL AUTO TRANSPORT LLC,10,150,4/28/2026 16:05,Tyson Artis
267126,406744,FEDERAL AUTO TRANSPORT LLC,10,150,4/28/2026 16:05,Tyson Artis
267126,406745,FEDERAL AUTO TRANSPORT LLC,10,150,4/28/2026 16:05,Tyson Artis
267126,406746,FEDERAL AUTO TRANSPORT LLC,10,150,4/28/2026 16:05,Tyson Artis
265530,401353,EBASH TOWING LLC,155,370,4/28/2026 16:15,Tyson Artis
265524,399450,EBASH TOWING LLC,155,370,4/28/2026 16:17,Tyson Artis
266846,404853,LG EXPRESS INC,10,100,4/28/2026 16:26,Liza Kolodii
266846,404864,LG EXPRESS INC,10,100,4/28/2026 16:26,Liza Kolodii
266846,404868,LG EXPRESS INC,10,100,4/28/2026 16:26,Liza Kolodii
266846,404883,LG EXPRESS INC,10,100,4/28/2026 16:26,Liza Kolodii
266846,404893,LG EXPRESS INC,10,100,4/28/2026 16:26,Liza Kolodii
266846,405392,LG EXPRESS INC,10,100,4/28/2026 16:26,Liza Kolodii
266846,406011,LG EXPRESS INC,10,100,4/28/2026 16:26,Liza Kolodii
267660,407694,ZODERIC FARMER,-6.66,155,4/28/2026 16:28,Rodrigo Herrera
267660,407697,ZODERIC FARMER,-6.67,155,4/28/2026 16:28,Rodrigo Herrera
267660,407711,ZODERIC FARMER,-6.67,155,4/28/2026 16:28,Rodrigo Herrera
267948,408049,F&M LOGISTICS LLC,0,200,4/28/2026 16:28,Tyson Artis
267910,407631,BELTRAN & BAEZ ENTERPRISES LLC,30,180,4/28/2026 16:46,Rodrigo Herrera
267910,407632,BELTRAN & BAEZ ENTERPRISES LLC,30,180,4/28/2026 16:46,Rodrigo Herrera
267910,407633,BELTRAN & BAEZ ENTERPRISES LLC,30,180,4/28/2026 16:46,Rodrigo Herrera
267771,405373,MAV TRANSPORTATION LLC,20,85,4/28/2026 17:00,Liza Kolodii
267771,407830,MAV TRANSPORTATION LLC,20,85,4/28/2026 17:00,Liza Kolodii
267771,407841,MAV TRANSPORTATION LLC,20,85,4/28/2026 17:00,Liza Kolodii
267771,407844,MAV TRANSPORTATION LLC,20,85,4/28/2026 17:00,Liza Kolodii
267771,407845,MAV TRANSPORTATION LLC,20,85,4/28/2026 17:00,Liza Kolodii
267771,407846,MAV TRANSPORTATION LLC,20,85,4/28/2026 17:00,Liza Kolodii
267771,407847,MAV TRANSPORTATION LLC,20,85,4/28/2026 17:00,Liza Kolodii
267483,407529,DEWAYNE WALKER,5,80,4/28/2026 17:01,Tyson Artis
267483,407530,DEWAYNE WALKER,5,80,4/28/2026 17:01,Tyson Artis
265003,399782,FALCON WAY INC,15,85,4/28/2026 17:01,Rodrigo Herrera
265003,402893,FALCON WAY INC,15,85,4/28/2026 17:01,Rodrigo Herrera
265003,402897,FALCON WAY INC,15,85,4/28/2026 17:01,Rodrigo Herrera
265003,402932,FALCON WAY INC,15,85,4/28/2026 17:01,Rodrigo Herrera
265003,402941,FALCON WAY INC,15,85,4/28/2026 17:01,Rodrigo Herrera
265003,403938,FALCON WAY INC,15,85,4/28/2026 17:01,Rodrigo Herrera
265003,403955,FALCON WAY INC,15,85,4/28/2026 17:01,Rodrigo Herrera
265003,406163,FALCON WAY INC,15,85,4/28/2026 17:01,Rodrigo Herrera
265003,406935,FALCON WAY INC,15,85,4/28/2026 17:01,Rodrigo Herrera
263549,400283,GLOBEKS CORP,-135,415,4/28/2026 17:02,Illia Kovanko
266577,405520,OSCAR ANTONIO ABRIGO,15,75,4/28/2026 17:25,Rodrigo Herrera
266577,405523,OSCAR ANTONIO ABRIGO,15,75,4/28/2026 17:25,Rodrigo Herrera
261674,397117,R G MOTORS TRANSPORT LLC,-183.34,400,4/28/2026 17:30,Illia Kovanko
261674,397118,R G MOTORS TRANSPORT LLC,-183.33,400,4/28/2026 17:30,Illia Kovanko
261674,397119,R G MOTORS TRANSPORT LLC,-183.33,400,4/28/2026 17:30,Illia Kovanko
261674,397120,R G MOTORS TRANSPORT LLC,-183.34,400,4/28/2026 17:30,Illia Kovanko
261674,397121,R G MOTORS TRANSPORT LLC,-183.33,400,4/28/2026 17:30,Illia Kovanko
261674,397122,R G MOTORS TRANSPORT LLC,-183.33,400,4/28/2026 17:30,Illia Kovanko
265730,404134,LADA TRANS INC,-25,275,4/28/2026 17:31,Liza Kolodii
264583,401800,FINISH ON TOP TRUCKING LLC,-250,450,4/28/2026 17:35,Illia Kovanko
264180,400687,CTX AUTO TRANSPORT LLC,-10,115,4/28/2026 17:38,Rodrigo Herrera
264180,403228,CTX AUTO TRANSPORT LLC,-10,115,4/28/2026 17:38,Rodrigo Herrera
264180,404300,CTX AUTO TRANSPORT LLC,-10,115,4/28/2026 17:38,Rodrigo Herrera
264180,406155,CTX AUTO TRANSPORT LLC,-10,115,4/28/2026 17:38,Rodrigo Herrera
264180,406556,CTX AUTO TRANSPORT LLC,-10,115,4/28/2026 17:38,Rodrigo Herrera
264180,406788,CTX AUTO TRANSPORT LLC,-10,115,4/28/2026 17:38,Rodrigo Herrera
264180,406912,CTX AUTO TRANSPORT LLC,-10,115,4/28/2026 17:38,Rodrigo Herrera
265986,404660,APRIL & RUDY'S TRANSPORT LLC,-47.5,200,4/28/2026 17:38,Rodrigo Herrera
265986,406507,APRIL & RUDY'S TRANSPORT LLC,-77.5,170,4/28/2026 17:38,Rodrigo Herrera
267392,406981,GEORGE FARMER TRUCKING LLC,20,100,4/28/2026 17:40,Tyson Artis
267392,406989,GEORGE FARMER TRUCKING LLC,20,100,4/28/2026 17:40,Tyson Artis
267392,406992,GEORGE FARMER TRUCKING LLC,20,100,4/28/2026 17:40,Tyson Artis
267392,406993,GEORGE FARMER TRUCKING LLC,20,100,4/28/2026 17:40,Tyson Artis
267392,406994,GEORGE FARMER TRUCKING LLC,20,100,4/28/2026 17:40,Tyson Artis
267392,406996,GEORGE FARMER TRUCKING LLC,20,100,4/28/2026 17:40,Tyson Artis
267392,406997,GEORGE FARMER TRUCKING LLC,20,100,4/28/2026 17:40,Tyson Artis
267392,406998,GEORGE FARMER TRUCKING LLC,20,100,4/28/2026 17:40,Tyson Artis
267392,407008,GEORGE FARMER TRUCKING LLC,20,100,4/28/2026 17:40,Tyson Artis
265791,404255,QUICK CAR HAULER LLC,72.5,560,4/28/2026 17:43,Liza Kolodii
265791,404298,QUICK CAR HAULER LLC,72.5,560,4/28/2026 17:43,Liza Kolodii
261819,396897,ALL DAY AUTO HAULING LLC,-460,1290,4/28/2026 17:45,Illia Kovanko
264505,401877,LADA TRANS INC,-100,300,4/28/2026 17:45,Liza Kolodii
267547,407666,Z BROTHERS EXPEDITED LLC,10,190,4/28/2026 17:46,Illia Kovanko
267547,407668,Z BROTHERS EXPEDITED LLC,10,190,4/28/2026 17:46,Illia Kovanko
267547,407669,Z BROTHERS EXPEDITED LLC,10,190,4/28/2026 17:46,Illia Kovanko
267547,407670,Z BROTHERS EXPEDITED LLC,10,190,4/28/2026 17:46,Illia Kovanko
267547,407671,Z BROTHERS EXPEDITED LLC,10,190,4/28/2026 17:46,Illia Kovanko
266893,404186,Z BROTHERS EXPEDITED LLC,-28.57,671.43,4/28/2026 17:51,Illia Kovanko
266893,404187,Z BROTHERS EXPEDITED LLC,-28.57,671.43,4/28/2026 17:51,Illia Kovanko
266893,404188,Z BROTHERS EXPEDITED LLC,-28.57,671.43,4/28/2026 17:51,Illia Kovanko
266893,404189,Z BROTHERS EXPEDITED LLC,-28.57,671.43,4/28/2026 17:51,Illia Kovanko
266893,404190,Z BROTHERS EXPEDITED LLC,-28.57,671.43,4/28/2026 17:51,Illia Kovanko
266893,404191,Z BROTHERS EXPEDITED LLC,-28.57,671.43,4/28/2026 17:51,Illia Kovanko
266893,404216,Z BROTHERS EXPEDITED LLC,-28.58,671.42,4/28/2026 17:51,Illia Kovanko
266335,402221,AGR CARGO LLC,20,750,4/28/2026 17:58,Illia Kovanko
266335,404983,AGR CARGO LLC,20,750,4/28/2026 17:58,Illia Kovanko
267206,407180,AMBROS MONTES SERVICES LLC,20,75,4/28/2026 18:01,Rodrigo Herrera
267206,407181,AMBROS MONTES SERVICES LLC,20,75,4/28/2026 18:01,Rodrigo Herrera
267329,407387,AUTO LOGISTIC TRANSPORT,40,180,4/28/2026 18:07,Rodrigo Herrera
267329,407388,AUTO LOGISTIC TRANSPORT,40,180,4/28/2026 18:07,Rodrigo Herrera
267329,407389,AUTO LOGISTIC TRANSPORT,40,180,4/28/2026 18:07,Rodrigo Herrera
267329,407390,AUTO LOGISTIC TRANSPORT,40,180,4/28/2026 18:07,Rodrigo Herrera
267329,407391,AUTO LOGISTIC TRANSPORT,40,180,4/28/2026 18:07,Rodrigo Herrera
267329,407392,AUTO LOGISTIC TRANSPORT,40,180,4/28/2026 18:07,Rodrigo Herrera
267329,407393,AUTO LOGISTIC TRANSPORT,40,180,4/28/2026 18:07,Rodrigo Herrera
267329,407394,AUTO LOGISTIC TRANSPORT,40,180,4/28/2026 18:07,Rodrigo Herrera
267329,407395,AUTO LOGISTIC TRANSPORT,40,180,4/28/2026 18:07,Rodrigo Herrera
264914,402743,LADA TRANS INC,-90,410,4/28/2026 18:07,Liza Kolodii
264914,402761,LADA TRANS INC,-90,410,4/28/2026 18:07,Liza Kolodii
262102,397760,TOWING COMPANY USED,200,650,4/28/2026 18:08,Illia Kovanko
267174,406820,DTM AUTO GROUP LLC,100,500,4/28/2026 18:13,Illia Kovanko
266934,406426,DAJANI AUTO HAULERS INC,25,80,4/28/2026 18:16,Liza Kolodii
266934,406450,DAJANI AUTO HAULERS INC,25,80,4/28/2026 18:16,Liza Kolodii
266934,406451,DAJANI AUTO HAULERS INC,25,80,4/28/2026 18:16,Liza Kolodii
266934,406482,DAJANI AUTO HAULERS INC,25,80,4/28/2026 18:16,Liza Kolodii
267229,407087,DAJANI AUTO HAULERS INC,15,70,4/28/2026 18:21,Liza Kolodii
267229,407095,DAJANI AUTO HAULERS INC,15,70,4/28/2026 18:21,Liza Kolodii
267229,407102,DAJANI AUTO HAULERS INC,15,70,4/28/2026 18:21,Liza Kolodii
267229,407111,DAJANI AUTO HAULERS INC,15,70,4/28/2026 18:21,Liza Kolodii
267229,407155,DAJANI AUTO HAULERS INC,15,70,4/28/2026 18:21,Liza Kolodii
266933,406442,DAJANI AUTO HAULERS INC,25,80,4/28/2026 18:23,Liza Kolodii
266933,406449,DAJANI AUTO HAULERS INC,25,80,4/28/2026 18:23,Liza Kolodii
266933,406452,DAJANI AUTO HAULERS INC,25,80,4/28/2026 18:23,Liza Kolodii
266933,406455,DAJANI AUTO HAULERS INC,25,80,4/28/2026 18:23,Liza Kolodii
267966,402835,SG3 SERVICE INC,10,75,4/28/2026 18:26,Rodrigo Herrera
267966,403210,SG3 SERVICE INC,10,75,4/28/2026 18:26,Rodrigo Herrera
267966,403232,SG3 SERVICE INC,10,75,4/28/2026 18:26,Rodrigo Herrera
266839,406014,J MACK'S TRUCKING LLC,15,85,4/28/2026 18:38,Liza Kolodii
266839,406024,J MACK'S TRUCKING LLC,15,85,4/28/2026 18:38,Liza Kolodii
266839,406031,J MACK'S TRUCKING LLC,15,85,4/28/2026 18:38,Liza Kolodii
266839,406061,J MACK'S TRUCKING LLC,15,85,4/28/2026 18:38,Liza Kolodii
266839,406460,J MACK'S TRUCKING LLC,15,85,4/28/2026 18:38,Liza Kolodii
265832,404198,V&S GROUP LLC,-25,725,4/28/2026 18:39,Illia Kovanko
267909,408186,ALONSO'S EXPRESS TRANSPORT LLC,60,260,4/28/2026 18:41,Rodrigo Herrera
266793,405997,GUERRERO 1 LOGISTICS INC,20,80,4/28/2026 18:41,Liza Kolodii
266793,406071,GUERRERO 1 LOGISTICS INC,20,80,4/28/2026 18:41,Liza Kolodii
266793,406081,GUERRERO 1 LOGISTICS INC,20,80,4/28/2026 18:41,Liza Kolodii
266593,403388,BOMBINO MACHIN CORP,75,225,4/28/2026 18:43,Rodrigo Herrera
266593,403396,BOMBINO MACHIN CORP,75,225,4/28/2026 18:43,Rodrigo Herrera
266593,403399,BOMBINO MACHIN CORP,75,225,4/28/2026 18:43,Rodrigo Herrera
266593,403401,BOMBINO MACHIN CORP,75,225,4/28/2026 18:43,Rodrigo Herrera
266593,403403,BOMBINO MACHIN CORP,75,225,4/28/2026 18:43,Rodrigo Herrera
266593,403404,BOMBINO MACHIN CORP,75,225,4/28/2026 18:43,Rodrigo Herrera
266593,403406,BOMBINO MACHIN CORP,75,225,4/28/2026 18:43,Rodrigo Herrera
257200,388692,ROCKING J TRANSPORT LLC,-355,375,4/28/2026 18:47,Ryan Glover
267514,406882,CTX AUTO TRANSPORT LLC,15,85,4/28/2026 18:51,Rodrigo Herrera
267514,406902,CTX AUTO TRANSPORT LLC,55,275,4/28/2026 18:51,Rodrigo Herrera
267514,407202,CTX AUTO TRANSPORT LLC,15,85,4/28/2026 18:51,Rodrigo Herrera
267514,407206,CTX AUTO TRANSPORT LLC,55,275,4/28/2026 18:51,Rodrigo Herrera
267514,407436,CTX AUTO TRANSPORT LLC,25,95,4/28/2026 18:51,Rodrigo Herrera
267514,407698,CTX AUTO TRANSPORT LLC,15,85,4/28/2026 18:51,Rodrigo Herrera
267514,407699,CTX AUTO TRANSPORT LLC,15,85,4/28/2026 18:51,Rodrigo Herrera
267514,407709,CTX AUTO TRANSPORT LLC,15,85,4/28/2026 18:51,Rodrigo Herrera
267624,407578,WS-TRANSPORT LLC,125,375,4/28/2026 19:03,Rodrigo Herrera
267624,407582,WS-TRANSPORT LLC,125,375,4/28/2026 19:03,Rodrigo Herrera
268254,408441,LG EXPRESS INC,30,100,4/28/2026 19:06,Liza Kolodii
268254,408448,LG EXPRESS INC,30,100,4/28/2026 19:06,Liza Kolodii
268254,408466,LG EXPRESS INC,30,100,4/28/2026 19:06,Liza Kolodii
268254,408488,LG EXPRESS INC,30,100,4/28/2026 19:06,Liza Kolodii
268254,408515,LG EXPRESS INC,30,100,4/28/2026 19:06,Liza Kolodii
268254,408518,LG EXPRESS INC,30,100,4/28/2026 19:06,Liza Kolodii
268254,408521,LG EXPRESS INC,30,100,4/28/2026 19:06,Liza Kolodii
268254,408668,LG EXPRESS INC,30,100,4/28/2026 19:06,Liza Kolodii
268254,408848,LG EXPRESS INC,30,100,4/28/2026 19:06,Liza Kolodii
263108,399479,V&S GROUP LLC,-220,530,4/28/2026 19:08,Illia Kovanko
263108,402238,V&S GROUP LLC,75,825,4/28/2026 19:08,Illia Kovanko
261243,396071,EDWARDS ELITE TRANSPORTATION CORP,195,1445,4/28/2026 19:10,Tyson Artis
261243,396072,EDWARDS ELITE TRANSPORTATION CORP,195,1445,4/28/2026 19:10,Tyson Artis
261243,396073,EDWARDS ELITE TRANSPORTATION CORP,195,1445,4/28/2026 19:10,Tyson Artis
261243,396074,EDWARDS ELITE TRANSPORTATION CORP,195,1445,4/28/2026 19:10,Tyson Artis
261243,396077,EDWARDS ELITE TRANSPORTATION CORP,195,1445,4/28/2026 19:10,Tyson Artis
261243,396080,EDWARDS ELITE TRANSPORTATION CORP,195,1445,4/28/2026 19:10,Tyson Artis
267322,407385,VG AUTO INC,115,815,4/28/2026 19:24,Illia Kovanko
267283,406885,BUMBLE AUTO BROKERS LLC,20,195,4/28/2026 19:27,Rodrigo Herrera
267283,407213,BUMBLE AUTO BROKERS LLC,20,195,4/28/2026 19:27,Rodrigo Herrera
267283,407223,BUMBLE AUTO BROKERS LLC,20,195,4/28/2026 19:27,Rodrigo Herrera
265501,403533,USA WORLD TRANSPORT LLC,50,450,4/28/2026 19:41,Liza Kolodii
265993,401775,DOUBLE J&K TRANSPORT LLC,50,285,4/28/2026 19:45,Ryan Glover
263720,400537,DOUBLE J&K TRANSPORT LLC,30,265,4/28/2026 19:46,Ryan Glover
267713,407909,DOUBLE J&K TRANSPORT LLC,79,315,4/28/2026 19:47,Ryan Glover
267219,407196,JR EXPRESS TRANSPORTATION LLC,40,165,4/28/2026 20:06,Rodrigo Herrera
267219,407199,JR EXPRESS TRANSPORTATION LLC,40,165,4/28/2026 20:06,Rodrigo Herrera
267219,407203,JR EXPRESS TRANSPORTATION LLC,40,165,4/28/2026 20:06,Rodrigo Herrera
266454,405667,VVS GROUP INC,-55,295,4/28/2026 20:11,Illia Kovanko
266454,406276,VVS GROUP INC,-55,295,4/28/2026 20:11,Illia Kovanko
261456,396265,QUICKMOVE LLC,-150,335,4/28/2026 20:13,Illia Kovanko
267139,406790,SHARA SHARA CORP,190,600,4/28/2026 20:13,Liza Kolodii
267139,406821,SHARA SHARA CORP,130,540,4/28/2026 20:13,Liza Kolodii
268226,408156,CLEVELAND AUTO TRANSPORT LLC,-10,200,4/28/2026 20:18,Illia Kovanko
267967,406884,SG3 SERVICE INC,10,75,4/28/2026 20:40,Rodrigo Herrera
267967,406900,SG3 SERVICE INC,10,75,4/28/2026 20:40,Rodrigo Herrera
267967,406913,SG3 SERVICE INC,10,75,4/28/2026 20:40,Rodrigo Herrera
262328,398102,WALKER'S EXPRESS TRANSPORT LLC,25,450,4/28/2026 20:53,Ryan Glover
266364,405571,DT EXPRESS TRANSPORTATION CORP,75,375,4/28/2026 20:56,Illia Kovanko
265062,403015,AMERICAN LOGISTICS PRIME LINE INC,-67.5,585,4/28/2026 20:58,Liza Kolodii
265062,404387,AMERICAN LOGISTICS PRIME LINE INC,-17.5,635,4/28/2026 20:58,Liza Kolodii
267022,406584,BROS. BROOKLYN TOWING AND TRANSPORT LLC,50,150,4/28/2026 21:15,Rodrigo Herrera
267185,406842,TRANSLINK LOGISTICS INC,40,490,4/28/2026 21:18,Liza Kolodii
267185,406940,TRANSLINK LOGISTICS INC,40,490,4/28/2026 21:18,Liza Kolodii
267791,407287,CRC TRANSPORT LLC,108.35,375,4/28/2026 21:37,Illia Kovanko
267791,407292,CRC TRANSPORT LLC,108.33,375,4/28/2026 21:37,Illia Kovanko
267791,407293,CRC TRANSPORT LLC,108.33,375,4/28/2026 21:37,Illia Kovanko
267791,407294,CRC TRANSPORT LLC,108.33,375,4/28/2026 21:37,Illia Kovanko
267791,407579,CRC TRANSPORT LLC,108.33,375,4/28/2026 21:37,Illia Kovanko
267791,407583,CRC TRANSPORT LLC,108.33,375,4/28/2026 21:37,Illia Kovanko
266659,403995,ACE CAR HAULER LLC,75,400,4/28/2026 22:04,Ryan Glover
266119,407250,SOUTHERN HAULING EXPRESS LLC,2.24,80,4/28/2026 22:14,Rodrigo Herrera
266119,407251,SOUTHERN HAULING EXPRESS LLC,2.22,80,4/28/2026 22:14,Rodrigo Herrera
266119,407252,SOUTHERN HAULING EXPRESS LLC,2.22,80,4/28/2026 22:14,Rodrigo Herrera
266119,407253,SOUTHERN HAULING EXPRESS LLC,2.22,80,4/28/2026 22:14,Rodrigo Herrera
266119,407255,SOUTHERN HAULING EXPRESS LLC,2.22,80,4/28/2026 22:14,Rodrigo Herrera
266119,407256,SOUTHERN HAULING EXPRESS LLC,2.22,80,4/28/2026 22:14,Rodrigo Herrera
266119,407260,SOUTHERN HAULING EXPRESS LLC,2.22,80,4/28/2026 22:14,Rodrigo Herrera
266119,408912,SOUTHERN HAULING EXPRESS LLC,2.22,80,4/28/2026 22:14,Rodrigo Herrera
266119,408916,SOUTHERN HAULING EXPRESS LLC,2.22,80,4/28/2026 22:14,Rodrigo Herrera
266634,405802,ROCKING J TRANSPORT LLC,25,325,4/28/2026 22:24,Ryan Glover
268568,409550,FASTLANE AUTO TRANSPORT LLC,25,400,4/29/2026 00:01,Tyson Artis
265377,403534,AVT LOGISTICS LLC,-55,445,4/29/2026 00:10,Illia Kovanko
264324,401594,FASTLANE AUTO TRANSPORT LLC,0,450,4/29/2026 00:13,Tyson Artis
264324,405075,FASTLANE AUTO TRANSPORT LLC,-50,400,4/29/2026 00:13,Tyson Artis
264547,402129,GQ LINE LLC,15,540,4/29/2026 00:59,Illia Kovanko
265489,403510,LEMBERG TRANS LLC,25,625,4/29/2026 05:47,Liza Kolodii
267337,407400,"ROADRUNNER NC TRANSPORT, LLC",50,300,4/29/2026 06:10,Tyson Artis
267559,407683,AVT LOGISTICS LLC,180,580,4/29/2026 07:22,Illia Kovanko
267814,407984,IN THE WRAPZ LLC,95,295,4/29/2026 07:49,Liza Kolodii
265852,404366,MC TRANSPORTATION LLC,78,978,4/29/2026 07:58,Illia Kovanko
267083,406721,BELTRAN & BAEZ ENTERPRISES LLC,20,180,4/29/2026 08:16,Rodrigo Herrera
268086,408187,ALONSO'S EXPRESS TRANSPORT LLC,75,250,4/29/2026 08:17,Rodrigo Herrera
264607,402044,VA CARRIER INC,37,787,4/29/2026 08:31,Illia Kovanko
264607,402052,VA CARRIER INC,37,787,4/29/2026 08:31,Illia Kovanko
264607,402053,VA CARRIER INC,37,787,4/29/2026 08:31,Illia Kovanko
264607,402054,VA CARRIER INC,37,787,4/29/2026 08:31,Illia Kovanko
264607,402055,VA CARRIER INC,37,787,4/29/2026 08:31,Illia Kovanko
264607,402056,VA CARRIER INC,37,787,4/29/2026 08:31,Illia Kovanko
268454,409432,TOWMASTERS SERVICES K&E LLC,25,75,4/29/2026 08:38,Rodrigo Herrera
265111,402849,GT NYC INC,-40,190,4/29/2026 08:53,Liza Kolodii
265111,402903,GT NYC INC,-40,190,4/29/2026 08:53,Liza Kolodii
265111,404000,GT NYC INC,-40,190,4/29/2026 08:53,Liza Kolodii
265587,396484,M & K TOWING AND RECOVERY LLC,-30,195,4/29/2026 08:58,Ryan Glover
266283,405347,SP COURIER CORP,-25,150,4/29/2026 09:02,Rodrigo Herrera
266283,405350,SP COURIER CORP,-100,75,4/29/2026 09:02,Rodrigo Herrera
266283,406757,SP COURIER CORP,75,250,4/29/2026 09:02,Rodrigo Herrera
267110,406756,CTA GOMEZ TRUCKING LLC,85,635,4/29/2026 09:15,Liza Kolodii
264283,400759,BUMBLE AUTO BROKERS LLC,-5,195,4/29/2026 09:26,Rodrigo Herrera
264283,401024,BUMBLE AUTO BROKERS LLC,-5,195,4/29/2026 09:26,Rodrigo Herrera
264283,406184,BUMBLE AUTO BROKERS LLC,-5,195,4/29/2026 09:26,Rodrigo Herrera
268427,409410,TOWMASTERS SERVICES K&E LLC,15,75,4/29/2026 09:31,Rodrigo Herrera
268427,409411,TOWMASTERS SERVICES K&E LLC,15,75,4/29/2026 09:31,Rodrigo Herrera
262371,398175,1611 TRANSPORTATION INC,-699.5,0.5,4/29/2026 09:33,Tyson Artis
262371,398176,1611 TRANSPORTATION INC,-699.5,0.5,4/29/2026 09:33,Tyson Artis
259738,386268,TRUCKER SWAG LLC,-25,675,4/29/2026 09:34,Ryan Glover
264032,401080,BY GRACE TOWING LLC,-50,250,4/29/2026 09:44,Tyson Artis
266428,404985,LIGHT TOWING LLC,-100,300,4/29/2026 09:55,Liza Kolodii
267269,406973,SMTE LLC,20,100,4/29/2026 09:58,Tyson Artis
267269,406978,SMTE LLC,20,100,4/29/2026 09:58,Tyson Artis
267269,407009,SMTE LLC,20,100,4/29/2026 09:58,Tyson Artis
267269,407011,SMTE LLC,20,100,4/29/2026 09:58,Tyson Artis
267269,409331,SMTE LLC,20,100,4/29/2026 09:58,Tyson Artis
